temp_s,depth_s,day,latitude,longitude,turb_s
8.92558525603859,20.344738329162492,106,56.49816047538945,3.7405317153544786,62.892087636623245
8.704681986079997,24.002101217145484,21,58.80285722563966,5.167603789513432,62.375458140971034
18.59381870781555,7.88880301437872,64,57.92797576724562,6.491783343505633,57.02063112047277
8.743192997742591,18.93378593840647,165,57.394633936788146,5.928899545638245,48.97883393632714
9.079245891929464,17.366506502740588,27,55.624074561769746,6.2262445914457984,58.84244873991101
16.390973936269454,25.068496115253996,311,55.62397808134481,5.63513346684287,60.70451748702341
11.746097636758101,27.229568284197185,285,55.232334448672795,5.76910625807141,55.80491273597089
16.650658354327717,0.8586247585829108,148,58.46470458309974,6.396782606261278,44.09498739542421
5.980492363465778,20.383587612234383,281,57.40446004697284,3.9986720354367438,43.20642754263239
12.313567905100765,2.029156074032006,326,57.83229031118418,4.957699854572562,20.859626411425687
5.50420400274924,16.691330619782,319,55.08233797718321,3.884837767278409,41.8359596585584
5.9397980518303175,8.985165506788507,164,58.879639408647975,6.9506720319865885,38.911332811133704
18.596561800166164,9.549909685903165,224,58.329770563201684,6.776237358746453,45.95889123025079
7.088680566763927,10.91227585184452,272,55.8493564427131,3.1577072454740236,24.696966434700272
12.986310234128258,18.828127246963497,146,55.7272998688284,5.822300690062754,51.21942031030139
11.166434039010598,10.354473987228692,356,55.733618039413734,6.700993269662663,42.74962736635726
10.21014989388264,22.114621992413273,30,56.21696897183815,3.722301380509334,62.06153011462921
18.497500185309086,12.433557874429155,45,57.09902572652895,5.271780922210517,65.13860329141035
5.327350951632343,2.5164194091437793,275,56.727780074568464,6.661953190352167,21.885448510426617
14.956845292633837,23.620915353281163,34,56.164916560792165,3.1357839143431954,68.93429131138524
19.450916513203257,8.929870575484827,141,57.447411578889515,5.78968106898736,54.20360178245478
13.402522751927629,13.266622948178247,318,55.55797544260817,4.189396029490203,45.95059023013244
19.052336930496377,20.720594555046095,221,56.168578594140875,6.697584781506121,52.25244113463182
5.783868189290357,10.307456635887004,356,56.46544737317477,6.884232980661471,41.2403314367183
11.28189978611242,2.1692768563281106,22,56.824279936868145,6.777065956453736,38.984892684538885
8.902366864430768,11.530670886878001,180,58.140703845572055,4.8968568666298555,42.39018735491281
15.962314474710947,28.36123318948195,329,55.79869512863344,6.448170603957253,66.03764091612258
19.7194563574587,19.431164720307468,231,57.056937753654445,6.378197594140282,60.689635368442644
8.847950936663718,20.308634885682604,38,57.36965827544817,4.2764018929730225,60.86413810558102
14.812619022111116,19.152323532310376,70,55.18580165087999,6.315661896602709,62.163549399294624
7.971464491396102,6.370268099303385,116,57.430179407605756,3.1480305388619705,48.85541954211363
13.479953818574149,12.840848991017264,239,55.68209649474917,5.385079513928212,36.67930353621491
11.958987300325042,22.65272405171789,335,55.260206371941116,3.920035349150812,56.00526031914646
19.580079944473056,3.4905004778181947,148,58.795542149013336,3.4822675431091152,45.45667305497631
14.127909090446998,8.696656894646512,9,58.86252813229824,3.3078128065168366,46.724835700133895
10.242595581302282,8.651413699742681,288,58.233589392465845,5.785155103512559,27.137433481261997
6.711436773319001,13.244558364037927,50,56.21845507669348,4.359499855072265,53.231018839046484
7.2687024310240185,29.42087785779446,338,55.390688456025536,5.899067086115046,59.23686122806424
8.379753949268526,2.4913251271727472,5,57.73693210604863,3.2614253631957695,34.40166042262911
8.76449992010447,15.801679334227554,343,56.760609974958406,4.261161351322441,43.452379529135605
17.759240867617066,5.791258119360208,126,55.48815293937911,5.157965169501349,58.88677476014546
13.418341824237874,29.134958089587453,75,56.98070764044508,6.162892659355855,80.4538405171415
12.850863670615496,3.8424533894601938,165,55.137554084460874,4.27501001172828,42.4171738602445
6.721533078038262,12.406229569666941,278,58.63728160831513,5.503565505748036,28.000442907491397
17.902095400241524,22.267607052620882,324,56.03511992640007,6.543910992944749,60.50016335476334
15.842214548127256,21.284355626809635,300,57.650089137415925,5.463452752729218,42.00506753257155
6.0150254285000235,12.970494788371001,290,56.246844304357644,3.931837899014535,35.12548516164215
15.61752645844653,10.722462954605188,77,57.08027208471124,3.097603126226152,55.61319917604754
13.15307326013969,12.229565167309682,298,57.18684111737312,6.4803954956037195,37.67083386626173
6.225880186201674,8.296149763179859,137,55.739417822102105,3.0850776434015486,47.4032987032852
11.874509622929846,6.5573216918505945,106,58.87833851105823,6.498806690736798,48.4085634876586
12.270444306950704,14.749671077987255,95,58.10053129344446,5.115748536108848,62.69042024785603
7.486618102449136,8.421745803994416,135,58.757995766256755,6.756270794051584,50.39580683817032
19.185472205004235,8.980119114468879,68,58.579309401710596,6.195132943094661,61.762564087877834
17.74963057220993,19.874303872499432,147,57.39159991524434,6.99173644213335,68.46882401731816
15.035335059936624,29.07185128514682,159,58.687496940092466,4.402847261806841,70.45297675391684
11.934433415009108,18.307297416501566,163,55.353970008207675,6.068753155724508,56.500692322076404
11.176483123767628,2.770894278416505,341,55.78393144967658,4.607723654436969,26.58577023512776
14.764602007264312,2.729716608694976,189,55.180909155642155,4.919502481215636,37.86195851340483
13.181478041103581,28.566985014944194,339,56.30132132305306,5.51002185287348,53.61597470385157
5.934096588228284,9.270078314066343,95,56.55470915875793,6.4947084567453555,41.87632970595721
12.687539731554976,3.2159760894330254,181,56.085396127095585,6.93633387679718,28.68446306620952
17.096054258492593,18.171815320936258,288,58.31495003660772,6.073093655458073,50.30608198013673
11.88859816395437,18.89763895956285,322,56.427013306774356,4.6710671286693355,54.877531394865706
5.7793486633140265,19.6308921935013,187,56.12373803874952,4.68542800910828,43.51171712144064
16.794172990760497,8.388359821797469,138,57.17078433263299,5.9503292063555655,60.29984763244174
8.020456732039616,0.9457651843270135,130,55.56369689989905,3.9551085830732093,44.05527589364628
8.879312523320582,28.96795339890692,194,58.20878792301616,3.4418964525255786,51.660713357214505
7.470595301484439,7.901344847887524,316,55.298202574719085,4.418488630563106,24.477368744249183
9.953225973072463,20.44277549755015,273,58.947547746402066,4.148955966616327,47.34147052045076
16.351272585329525,21.345581161421933,352,58.08897907718663,4.18523248182396,58.28618631881643
12.79078789255906,18.49521880384483,144,55.79486272613669,3.9344310041996398,53.54306594379601
8.073219112260688,9.730768129302623,16,55.02208846849441,3.1683727585454475,38.95391470471347
18.167451172280614,8.497339486039941,302,58.26184571381933,3.0714957389336552,43.55590701740338
18.193727824272937,18.13121433972974,245,57.827429375390466,6.950889558944127,47.193882318597744
18.058676375690105,26.0498211915449,107,57.91602867216395,4.711092534943449,63.48225400084256
8.58194317072309,28.42864500324017,88,58.08508138674378,4.537306588638726,67.10126513362434
11.768590162714823,3.6242212299108503,129,55.29617860693636,5.71858913077228,44.503392093718816
19.774844842113126,5.067444071632735,341,56.43386291417709,3.8730155514602567,44.828510160830376
16.580187144649855,28.36971963410085,4,55.46347623810052,6.799844735800901,75.24838534215152
5.407511318383397,22.22778923587638,327,58.45241370350237,6.145380057662209,42.89964810628042
5.978068868907381,26.548317832478304,306,57.49319250731023,3.357644009249038,46.43851633202042
11.958970652184991,6.477662706992623,95,56.3235920994106,4.670323103139713,56.08528396651563
18.638303087923404,17.833783197727353,209,55.25423340114409,6.516473230248659,55.84627913890929
13.080526969290712,21.183618035315472,225,56.24392928686265,6.778928089165641,60.8822154827795
12.467187620514354,20.563300620685695,348,56.30073328810699,4.869606044999479,46.32055996660181
6.582105499349459,12.540474880567594,321,57.91842471335226,5.453645556842831,28.89773524201105
14.85170157086441,0.9541493048936001,47,57.550229885420855,3.668135784368301,49.082423614244085
17.331547409003385,17.696318675725763,181,58.54885097030531,6.964674504547906,65.02392763349434
10.706300112613434,7.966495405798458,106,56.8888597006478,3.9266868055337736,49.48945838683209
16.63417776387991,13.782500261215265,199,55.47837698375321,6.770927096540502,45.88810097193196
19.467149808512175,28.74863994497261,106,57.85297914889198,5.598586595969474,90.59354547155462
8.056496886915337,12.271541870451824,280,58.04314019446759,5.430947179515437,28.03531459178916
12.84994446792112,25.27414739660059,260,57.24510879027798,5.050754044066034,52.668171047480214
9.307069371268632,6.061947869602909,108,58.08386871981824,3.9226792468710348,53.38836834173717
16.892816285507593,20.33758469173835,19,56.975182385457565,3.706112128022033,61.613634734166
13.663900488217363,29.321705155948834,296,57.090931317527975,3.8819448362807014,53.33232971973413
14.518736263254556,3.5058464757516354,306,56.7101640734342,3.745753048577018,29.661720366233506
16.96871239423841,0.7454382957021644,171,55.10167650697638,6.118337894267013,47.582378349597846
10.939557089936823,13.290692382662122,331,55.43156570797322,4.40050103666692,46.194546284923405
18.726351026105647,3.2324517500153322,195,55.12571674274694,3.2313707062535855,43.73749078575478
12.9954330086921,22.577338315448824,12,57.54564164505512,6.876410520563246,69.6383141899142
7.36932234253022,27.479185583532487,195,56.25742392430531,6.535143539853703,54.346996036521425
15.438486772532038,13.303618694908385,283,57.03428276465881,6.711009132780852,48.4179744688478
16.898920256573817,8.131993443585507,182,58.63026589570437,6.979631290585742,46.336759699106274
9.7514251560129,13.314897910694988,305,55.9971689165955,3.695580996877949,48.09775118368026
17.857688854981294,21.84171062657503,144,56.64153169214252,4.584968075610635,77.27444033008442
18.592148821486497,0.7670977666209439,316,58.02220455417219,6.032953902816365,34.968082297796606
9.153567310667134,17.888892689798567,182,55.915192661966486,5.784082472215169,56.13194447507103
19.75282209072833,18.592104704177682,30,55.30791963931517,3.6155836253594202,74.15314917051153
7.110672920731377,19.3118032834301,84,56.15900581165507,6.2633324999624715,65.53203826395031
8.03023502603735,7.639651359435878,166,55.64488514901602,3.8977622873466427,27.668308464071327
7.763372588570392,21.56455533965474,284,58.718790609370295,3.8952704592904923,44.63262152487246
18.409845650118058,3.196048846787404,281,58.23248151825767,5.147897691573654,38.07713537927845
14.814388284874427,6.378474925770624,96,57.533615026041694,5.371759739366812,56.4776962898789
7.281564248334093,26.385366376307218,266,58.48584236075087,5.320344831351244,46.30383500136307
11.604851275525235,22.292332946433707,298,58.21468830759646,3.3659473495910195,48.31593099278329
14.229470376047031,0.9054938433346849,296,55.74628023554414,6.5098434505215215,35.12114298528955
6.251961274840749,7.8270996809091065,225,58.57023599395991,4.062400170354824,31.346181437049538
18.236245526110082,6.824991248298354,333,57.157368967662606,3.5180596851312167,44.55886202463676
17.054053031623027,8.48878667709069,361,58.22976062065625,6.554992319475909,53.96253112119321
12.578101603649573,7.803013223256649,42,58.58436519969397,6.822605992919014,51.603212222118266
19.506899228887555,2.3445257244139492,303,56.272013899887455,6.4485104690618025,39.561729884403476
11.266414689126496,14.0387452396062,246,55.440207698110704,6.238064298899513,48.01305518431921
19.761654785547467,22.11563750619187,208,55.911740650167765,5.620967922556087,59.40721628640506
15.018799982054405,18.398585879164376,237,56.70843115450503,5.203429482436557,40.77779470241399
14.520069098809122,20.349714223643353,22,58.27205906368997,3.3479470396456406,61.83286012607502
7.489323429436775,2.893900766819055,185,58.44292233302537,4.633812852282794,32.523583276882704
18.22891637456966,28.568975950215222,242,55.027808522124765,4.490754068049256,65.50809904948649
11.412345318809226,25.23550909836923,363,57.04298921031026,4.039015135041305,59.12268693802265
7.4335010867371905,24.25016439562205,283,56.669644012595114,5.89368045475434,47.07246749562961
5.189112799636385,24.778022248732142,41,55.88843124188292,4.983502940315083,70.01433662000346
13.396335254575739,28.01495998991646,336,55.47946146933473,3.3241848636305917,63.31079548863452
12.910994331840145,16.555492000354082,162,56.350460685614514,3.8807328077992453,60.39138483052693
15.790304335537378,6.408319527094964,160,58.77163881565008,5.733035054638384,48.48610734316728
18.35387079526703,18.695116431649964,89,56.292811728083024,3.3045234379612007,63.785976050830726
6.191098769645443,22.4150040632042,322,57.07516248697346,6.404827656195074,31.609328462800544
15.972447355105436,22.268563103943748,12,57.812075835580714,4.980586108055897,60.893142018077874
7.811179161463733,15.882746212922964,73,56.45451840951718,4.922346309306592,41.864868089805384
17.87265579735746,2.519532220340553,76,58.88712833088384,5.36963113863807,56.19186367881442
17.285952707924842,11.44783168368877,346,58.84978917976844,6.298723863700596,47.06419339415066
13.111906324783165,27.66261494966904,201,56.00712918330146,4.391236831608772,53.69895779767435
15.653641979349672,17.74124283784407,10,56.98899402356954,5.712064610236254,58.89291525462158
9.715251697756226,16.380792326043547,352,56.20351323926708,5.262927855983165,42.12671826510033
12.06751848399222,8.431178674274708,226,56.13936197750987,4.068113080677685,38.358348028549045
17.324553465657075,11.369243137539078,176,55.147547789418134,6.514519945420632,56.81342901665705
11.888977957598208,26.912709630018494,276,57.43825733591959,6.189704086427712,47.67781225179729
10.366973979881628,20.160659902041655,39,57.010716092915445,5.6338073386337015,57.63509025685665
12.413186708754498,23.72791728919382,60,55.20591500499996,6.402326916376968,68.28585969164834
17.423738786558275,13.903189980495826,66,56.11458585694645,6.4691768038392095,56.84660358467998
10.02812071056309,19.09229297395666,321,58.63306354386661,5.833451906860139,45.32954776878078
7.606423897036157,7.827316457924622,124,55.95824756266789,6.348053313454688,38.25242246750167
15.680210304961712,21.311094493362845,164,55.57957948836489,5.789885846677135,66.08700216643952
17.389673190621227,13.11423934424845,159,56.957811041110254,5.720563087041201,55.741931626417596
6.509562177853,13.555092687034994,57,58.942601816442405,5.474445512860737,42.4955598938955
8.59811169133917,19.65500857501801,78,55.968221086046,6.010866558230565,56.8138791606451
7.1295798464149085,28.120278333333335,194,57.68854218962351,3.634420421172295,52.02067234512825
10.2191211737325,2.3881872249543172,285,58.04647846131487,6.523483036795714,30.180672347651942
11.755264683581188,24.829925501736724,15,55.950550175969596,6.487374110980928,62.35629956962499
16.232395054449597,9.125301757159697,12,57.91286539444744,3.1169891321382366,45.873833533359736
14.767213773225112,13.595623907938146,101,56.471132530877014,6.303267002259051,69.42109337144902
14.313928512176467,1.1464431988627641,156,57.52922332237432,3.515479469893781,45.860797264532266
10.285624199144817,9.380859296112234,340,57.53411884304358,4.340475417036568,35.87006046606453
17.6217132962714,15.32762165758885,125,57.14309873629903,5.974033025166431,57.06376147882579
12.069307510972468,2.157194281749451,359,55.36115908021763,3.643039584193233,33.48637842304109
19.686574070227316,14.987324016803372,280,58.34120998235695,6.271868096476249,47.56646840884827
14.512132074436053,27.849763551323605,110,56.28312025988694,6.328536711830967,76.59309949801987
6.893971123467541,3.609099934180254,334,55.746074041599414,5.029870935043345,29.83143839211854
15.14266343113151,23.051001478227377,357,55.16310056621906,3.0255434868673343,63.88232035150621
9.876560231475484,12.585296074591783,146,57.36357177275297,4.148152532699651,42.25768372109436
15.294907950291462,19.827624578467972,216,57.71025744736913,5.467707673502969,53.771633839227434
6.044617222436086,8.176979640564266,162,55.06635131571142,6.924744712109694,38.088564307953845
7.623221557639391,5.205021744970069,128,57.04837223319712,5.527254108066673,55.807573458196174
17.836058883586794,5.23364712100118,314,55.90598310079175,4.039214324256639,39.2662417079478
8.407693355352723,2.5795123964727673,332,57.5806911616378,5.536022812398445,24.175426715206186
17.555616878644102,5.976577794586669,150,55.69746571601996,5.1599415188634215,52.90246281416349
9.189141326816156,20.094471857174565,36,57.763750952409865,6.119381580604575,56.88660274383813
14.643228650880614,26.509873049383486,173,56.546941385202146,3.4279225553078336,55.76462102407032
15.412258602647466,24.516707724939273,22,58.74691995494694,6.0441116100081125,68.75018579411216
12.689821297175794,20.711462141297282,206,55.550083776583975,5.1650663147044416,50.45055447795066
9.57966015045097,3.757739970627529,127,56.364265404201035,6.851968015435979,43.28525658982526
8.189665645566443,9.03102966573052,336,55.45389408496236,4.367488664154744,29.703447369799576
5.497840318436394,9.639302822012835,356,58.69877447311425,5.530487572535792,29.224051846432513
9.559196018610857,7.873729918729826,217,58.50935741352392,6.72811242204007,38.14328418733932
14.797441857969245,15.692666961436831,96,56.03176651086062,3.410038911962717,68.95846949075575
19.07457227672724,16.29883753895034,164,57.639936184136715,6.7489139489458045,64.40988770756746
18.068067233945783,11.028136267547751,148,58.268888800804866,5.751542889203254,49.25172156958629
16.49097164802954,10.936780182724862,18,57.22080324639785,3.2713482364206876,56.190475203229816
16.826710148799478,24.9423901382294,294,57.11860231342403,4.203854267787265,46.75619898068639
14.97477355213993,23.784139025430726,195,55.96740916360181,5.832688354581126,56.31277995945935
8.904302863490045,9.579977034581997,151,55.372411071223596,3.269402405875087,49.75355662471478
18.607925460587445,27.456759094261148,365,58.588863031813304,5.328681840705093,73.07426205548853
15.060984678587511,28.60804300157393,123,58.60167222865332,4.383532227811827,77.50928313604456
13.4066094647066,10.138904989886205,187,57.53240582909307,5.483662071069908,52.01748482479841
6.664842038202217,10.955535989395118,149,56.3561191641948,3.1829681352500514,47.20582655768392
11.705833157096382,15.416207525947785,104,56.396838298450646,6.486147224609505,49.12821669558271
11.905374068028895,28.263063969743367,243,57.903822715480956,6.893955876709588,52.07043733959713
17.968454142840052,26.35142327769819,231,58.588441039810306,6.875511421142766,60.29330585196498
13.199723302816826,3.525754896215899,206,58.54834569706047,5.998607326971699,34.635811459184566
10.706008234556144,12.08555692650678,198,58.1195021834305,3.520344960522528,39.21043600518213
19.65200492765989,16.824450097618268,337,57.568126584617154,6.033052783716091,50.62057263446364
6.660808899894735,15.34240794027043,87,55.3365598599802,3.098347665835206,65.31235319852226
11.338226424679169,6.218960504138334,142,55.64651485637845,3.088494206115989,44.30165522009007
5.630370127571079,25.835094749460563,317,58.59421675410832,4.2944408765981645,56.99537893977826
16.098561811503956,20.469753098406702,199,57.42571623863836,4.954572761618663,51.279268496439016
18.77114828298726,25.218297058128204,46,55.03678820646652,6.081629671231173,78.14554156432571
9.200559943257343,25.83354624080943,288,55.405886171464125,5.733181506426021,48.32178603615252
17.875125151986815,22.576497683139323,15,57.65400707643222,4.783610825506994,61.970433181360065
9.383273456928467,13.456712736866661,44,55.020246335384876,4.094506665126664,49.24938300831408
18.66155242465873,18.511129272955024,169,55.643232205669996,6.988498000630845,63.13239853804677
16.30942855395176,5.230779480532423,310,57.19493515746635,4.704725208943891,32.4661200693703
17.07360165262158,20.37253981550978,44,57.76758079077077,4.805548097318702,66.45068650071521
5.270098334006818,5.787971044308782,98,57.6078450380104,3.6544952847666767,30.22014541083803
19.44215535611039,20.971512920049626,261,55.89707723784224,6.1792381949997175,58.09957379240211
15.900064881054849,7.273145742242075,109,57.84871688539015,5.774728903125954,62.02579193642632
9.571266430792,3.967763354431489,283,55.9489963499872,3.8830784511550416,27.851607184935325
17.440919972882703,5.375892459217244,343,56.30159879263707,3.329524182463371,53.929041637458646
9.222817976223949,0.558767988962573,104,57.98596562047209,5.721997208298852,44.79673620475446
18.09130759349192,21.70281872667914,256,57.598531596188856,5.618044857124541,59.58962606645279
6.688705856179055,22.105830947222184,206,58.39689364197671,4.093038107992838,52.38818937062294
15.555289661911937,15.690533822441154,335,57.63045156920138,6.803454249001641,35.66405913220753
13.110477149673654,5.2602026311338195,43,57.27323441334189,3.604231567123601,49.85557739281948
6.448017052931612,2.9648529565653474,353,55.37469907131237,4.729339204170408,21.736753669813183
8.628407423882585,1.0643045098999668,245,56.47086321223773,6.7744636806703955,16.713754120969686
5.186060544159722,5.389571220474011,287,56.0608094707269,4.678909267704489,16.836972962731895
12.031519481967587,26.780238282002827,355,55.97595857351634,5.554103790656342,57.941551218462266
9.518978911400005,7.625336830199612,273,58.89204221900978,4.590377591851177,32.301244741020724
13.975362264466382,10.951004152907862,83,56.57239089866704,4.096860809394681,59.79071294617457
9.458567115629258,3.607691792199329,110,58.568186220708455,6.935910591839313,44.37868121698816
9.49878667260477,7.0596584900710235,190,57.52455450398905,4.637336025260172,40.78413792870074
16.14789798097405,15.817124838016051,288,58.17924521416659,6.576396814716538,49.411394804630355
5.722142539675302,18.42870415132175,251,57.01054837242077,3.9198184235643447,38.2654889231679
18.54342492787981,7.737893267903226,212,57.30761553850544,3.852418816100333,36.50475217989816
17.783958115867723,2.2030986971409576,291,56.97007077527545,3.1245363315380454,30.284836223479555
15.017070248396097,12.03546963925826,133,55.78097195119218,5.60666730150354,57.71426138236691
13.898323551610764,7.4089994423268575,201,57.88980846104602,4.474105374895045,44.623181710606936
18.384537472094785,6.976840735279157,285,56.12308944976343,6.457432999358549,32.582322710456864
7.779952692930717,28.81595268004693,326,55.097263865725814,4.892839626766229,51.8747024782787
6.184537432862429,18.68086433480886,95,57.58188918362867,6.872773711658887,48.25335858095044
8.592652548643072,16.92791407357683,278,55.708442717628195,3.7421020628124846,42.39543732946335
16.918674180502855,12.765365553937997,325,58.761834337411656,6.474492671822443,47.925187953463265
5.52005400089725,13.153857836189255,219,58.81571430801035,6.106387411166967,27.169389934561504
13.742102526252344,16.456697613223383,89,58.65945756088179,6.083687378576208,56.17607806810156
19.93156274286965,21.044679307565165,72,56.48063480102178,6.379132912467551,76.35567783120146
17.835441407563092,21.21330983736397,247,55.06182646611547,6.044095963771996,60.53144119190641
12.821685335653843,5.5649702773107625,129,58.7132742503509,5.504881286525661,43.4288921306748
5.954613639299636,15.253326186260496,212,56.712736593269256,3.5249795107295503,41.46915602541355
17.470602715785645,12.652763803506009,343,58.86661927617468,3.1301047179650077,47.20905304340289
13.984677622658158,26.180545504946835,96,58.854479908357014,6.683391391262747,77.04471818314276
6.723994955893502,19.126858175942104,75,58.41203782186944,5.466601258082952,60.22290451356388
6.407859272350343,16.208869959271464,54,56.17779556827834,6.186149163904705,52.68841117525084
18.644402291548886,3.9041419442780625,344,56.5403909144077,4.926089406050201,33.56870694097009
15.038003944071177,18.36631773504064,54,58.40454668606743,3.469232755849578,67.83146160029338
17.439301989751335,3.957515217566886,218,56.26768802062511,3.5007431688102018,41.65705128120957
18.18468350423401,10.447593979189685,16,55.67797098674437,5.742261148915885,57.04094452558405
13.576585280724833,4.71383796202279,99,57.2272050498334,4.721223579597851,51.89525125498203
12.761695276325618,20.91617258721888,20,58.74461909664312,3.802098906801347,55.211501473090216
11.456411154814852,6.584437358166502,46,57.78411918669989,4.9663781869657475,52.86351082185763
9.75419881686679,12.059851509046768,193,57.28024468035746,3.2568357483005363,46.45792283611447
11.518939412880677,26.922405939753972,58,55.38870597508308,5.327885607657596,63.774203407332244
16.608194835952347,6.527333310269624,111,57.46002890679668,4.075973617740391,62.4562535999054
14.028851465226973,15.480249386783983,129,58.960215400417056,6.190236402548752,60.93504695605944
18.387849349322693,12.86851400439765,337,55.5603360609461,4.241447835694295,50.94411528028223
11.650700215687817,1.0346592108490271,194,57.073318609454944,4.820880596327205,32.16699388964523
14.106343680781311,23.886364350397976,340,58.50949228771182,3.0464821596324025,56.2520737582871
14.46961329637983,2.536854236280692,326,57.96307447101682,3.2897875511782355,40.53441864907665
13.875457434594884,14.490523118820132,8,57.78806296398107,4.569974225626739,57.67923468445922
15.539506596282745,17.040009700699024,29,57.809936335948436,4.9197553388684945,65.53399143559326
8.561502025622094,19.03858047013032,112,56.43796460487902,5.400082192477215,59.60401812655804
12.685456663186859,20.81463306458233,161,56.174367377057976,4.166650314837213,64.10017698537622
6.563372042125215,7.971535313920095,131,58.23744462191405,5.779927544506171,39.4248568079379
10.767669914672188,0.7943739114242565,188,58.240453578716725,6.440489588756819,35.68742520334923
12.315006029318965,21.841588039469904,163,58.46828927432041,6.119403955573399,59.146239937053124
14.783363893182088,16.30186968075357,197,58.65296221022589,3.1584753013934286,41.27265961072111
19.25796578879305,25.165472244613838,364,57.04536959544375,4.922027789031316,60.17238933549733
14.009765998225339,24.73095670557048,204,57.0060651787488,3.4197207136726995,54.610644695697104
16.153908742648397,25.378121949742553,212,58.1931807158671,3.96818006345011,61.975855291577275
12.593990892428042,14.810292469396435,109,57.59985572311106,6.946650373068586,56.1494925649447
14.51156047064497,10.342037677187538,276,57.807867509030814,3.569982171606053,34.807826442641115
6.063983242006602,23.850966976445417,73,58.18317067774441,4.995552613805424,64.4546166391791
8.815873712627704,13.813176334363021,167,58.56002136727027,5.472622937272476,44.2538191195479
10.427796398077081,5.911544793901318,260,56.35198062740614,5.809859882176416,35.35775471547525
12.087400325097704,25.721733577063493,243,56.502331810559774,5.238594733947656,57.4208113857823
5.6847311825357565,26.535516364784243,275,55.37592775936348,3.0390833896767346,43.468915366884836
7.100361463299765,14.256137806135019,102,57.3131205639847,4.305845232975967,56.37314434018621
9.152214616869585,2.73314195563873,173,55.14376909518697,5.070846573538846,38.43007189704931
19.57299036351576,11.940869652549472,171,56.86239207252984,3.3514659965793334,56.166860606907136
9.970205106545762,24.2043609541468,141,57.170578538830306,4.402507724836723,67.0283439689533
12.230615871681238,27.102333842113747,188,56.14616500851314,3.1328124351654663,65.87821566691188
7.941465691075894,6.502445903679077,86,57.36333304227604,3.314313988620083,41.22921854048994
14.161701066136525,2.47572155474551,52,55.122000999756196,4.587693104806384,48.04046453642081
9.210248232739614,26.38183836741874,111,55.14939275499686,3.5308630161722414,67.5742667934913
8.104888676576401,11.98744569987682,365,58.290402242638635,5.270163393046232,45.961409449022035
12.748589426689687,16.481948445893117,342,56.44076256564505,5.7578598765490625,45.70432994323799
5.082586987406312,29.05794145549739,43,55.50824205060754,6.2023467964363315,58.912680364832276
5.11496048973838,2.4636594734695745,211,57.088973040219216,3.8006009769792404,24.735015285972757
8.286032136527867,19.625381219836818,200,58.07997421239445,3.669930329036279,52.508287707203216
5.550820437512317,2.6861099659585785,298,55.863284109987376,3.418271361337601,14.208929032070353
6.62038631196037,11.57633338976176,346,57.491561903276,5.545720998174547,31.184069580504914
10.082909740081273,24.21252908320668,240,55.341389859975074,5.825902905947604,45.3502414372649
17.038785193697194,13.287430866291215,115,55.20672688467443,3.126344579302568,61.19692399891402
13.580729650539512,29.916879440137038,26,57.12541852627259,6.744848984974759,61.713596934101176
12.690015889346245,16.992248905924765,299,57.16254048644043,3.2078851346058896,50.64110627968964
9.402332348121824,9.974283502760628,77,57.54971960599283,5.165185341204282,50.30618858227633
18.976305791492244,6.993284114190217,137,57.90436533489065,5.836242077803666,55.42016454415283
10.955225618557876,10.840355761441774,20,58.903408317850136,6.483876494984342,55.47504318982944
6.306391501936572,11.489731575906749,211,57.06520139320478,5.856347728529711,37.93477377711106
14.255997741767018,2.5270534928568487,240,56.29182589176499,6.206912332279167,28.59788660212417
6.707575902149021,11.402438883089808,39,58.180744779074814,4.357800770171224,46.495036676618085
10.17834714202538,14.195036332307135,268,56.0833290050483,6.2593004549860485,36.24931412984822
12.611179080767133,21.820763691044736,207,56.755885682822544,3.3204593855387006,60.10237328445546
18.113337870277636,19.873519799287436,267,55.31382552536906,6.579266624242111,50.839835742528486
12.40319870510178,21.40858682926005,154,55.10140297366183,5.190369504614945,53.79372264282978
15.533881490474965,0.7467286153672844,42,58.8505936587117,6.269191079849975,36.61761205233354
19.892252584986053,6.921188287625814,11,58.34392048204882,4.8092731380732,60.049965225074956
6.972336798469724,20.019686507795768,294,57.78389682437479,5.574310780786099,35.04485659772733
9.120972882792792,14.77768636130254,98,56.63581177765708,5.105610643744453,59.00648059149458
10.918641133964696,0.6567475322162054,275,55.693177280283386,5.9263580870213275,24.120249026750194
11.32742267808247,24.23259195173876,230,55.625748170684346,3.3265199281223583,48.446649685181555
11.165316128983186,23.297882412064954,220,56.00097159265838,3.241408335962255,49.38078404957992
18.614165038348325,16.6783653083101,65,57.19690665882448,3.9884129360405858,75.92856145849818
15.710489667002847,2.4606681104000274,355,57.85838369080025,3.6381787204527534,32.36000712577303
14.118578211360557,23.112193961211247,232,57.640789506870924,6.487134266368807,50.5955433857442
9.640590767941731,17.719550838075236,328,56.11973558778377,3.8768559494321773,47.873821693416176
17.35685576331942,23.567819326159796,52,58.819461122652775,6.903461023276526,65.78327971061957
19.325907672274834,22.676536275677293,263,57.95158766678308,4.347583167084427,62.6247740014952
17.3179742382534,24.188561122756195,267,57.217416210045606,3.728471662754797,59.498810294754264
5.023476577872094,15.781237958936432,359,57.44688298493741,6.1587940285699165,42.13737130357027
14.546020552751106,4.639573286708692,317,56.67840024971116,5.6348311020035045,32.22484319899882
5.767030721631511,20.299145464700818,324,55.99092395800463,4.992782865812556,33.67545594438903
8.864108305005828,18.803976659033133,154,56.423890714605044,5.221454203750525,57.68773117244912
5.8928705052165755,22.396469022373072,358,58.031384441857476,5.876807113089056,62.00905785205887
14.056931794240816,5.511489678496692,140,55.05757395451902,3.913818965325195,49.789909153305295
15.298848702389101,6.251768397058532,51,55.464290562027664,6.985335664226968,43.17430805510533
6.717314570988577,26.76708075797019,117,55.18401056808701,6.8991726485871325,66.14899871703706
10.757583245674692,22.62434505433609,46,55.16291520927588,5.6013027453877475,66.95132602896945
11.843547634333131,27.292740416659527,309,58.42184233604403,3.7981698037165805,48.70096988535545
10.535795326413748,22.88210197433566,88,57.81463143752009,5.720912969725165,62.281850947140825
6.815375007277895,18.116081526713906,208,56.8966953163493,3.2887936359167034,38.30763699202038
11.284216852812131,19.796915742322273,269,55.391336642604,3.1226100088232243,40.714567613836685
16.267670717126272,26.729273756230292,89,56.96646350046733,4.030731554044855,75.38216315778841
6.0651149679988325,17.574799258102246,118,56.893887083122266,4.850491826957265,49.50682458458242
6.202700211228551,19.15554406768743,54,55.69280747964006,6.4730900216335225,48.43320649614733
10.321569377539763,5.116063122106217,116,56.73540659695189,5.908676279065232,47.47986960447118
19.125885674283875,14.48067599342503,118,56.594018937589496,5.970826084799924,65.47682151059627
15.02858970084371,21.63371480276392,260,57.46340039220887,4.701973337792301,47.765631626901666
15.180049350088472,8.49280960033278,75,57.540374603470575,4.383739970187852,56.73611524276953
10.428799862567974,6.46649832547378,305,55.18121603908818,4.48415505193841,22.7925400500051
13.904911868128076,9.75789084262026,7,56.498450458505886,6.950598254944231,48.96188014835127
5.1519677604161505,7.624268525788587,122,57.50343966285695,3.16043676564993,40.35961011733927
14.541440696143134,6.839922792573677,11,57.012545034320354,6.468125984489794,47.36936606694177
18.69930421364355,13.033099864608564,348,58.42595936475329,5.314701634289573,54.58568611926957
14.188602025172287,27.281236159564255,215,57.63477452647578,4.754461676758362,64.65601449958257
18.105478901995177,15.45825957879219,279,55.65173770832572,5.901030641660546,47.74041638465918
15.859595831991408,6.043651234052029,28,55.28227498960172,4.946675765698812,55.044263091741854
6.808376246055354,2.770664246735785,235,57.56967711282526,6.493692952326642,21.474651485564607
18.536799609287627,21.036606281568794,313,55.10604524216649,6.602807456045034,54.106919735184064
5.996657665336623,11.79256355087344,26,57.34310232509385,4.686883707493822,42.86166781066333
13.009512088216457,24.744012924268098,54,58.76092096569983,4.107311188940207,72.23966281526567
7.132056856901865,19.95556767490272,29,57.30189671150352,5.369401314373449,56.45616968945741
5.175599160963561,23.98912279097037,353,56.55267970482609,6.649453382466763,48.82415618474942
11.330513901914586,8.522408162844238,164,57.573152873769416,3.8426487560226663,39.1114185464774
9.425610614812344,20.924588212601215,270,56.83301156196607,5.491866334253931,45.321445220553734
12.290007406964046,8.289828548464705,334,57.18246715726374,5.526240880370082,33.64410482438566
13.657998301018262,28.2025201437836,35,58.7658592351061,5.932452089661124,65.67964869891809
5.65608608463421,19.273041305234543,286,56.5444105512031,3.526270740509039,30.58943574205061
6.845049426856185,10.073098105172592,348,58.844762255295656,5.863299858728354,34.98648953458373
13.37963594675638,8.450599937622043,273,58.621402567824255,6.636130082662564,40.56561797953575
10.147510297589873,6.132334259613484,208,55.783164539157184,3.718732435480968,29.23254049512473
15.93760231324172,20.99190828736497,238,55.27744520350066,3.9501732996955106,60.344530314666315
14.784374728879095,6.952110583438856,93,55.403112005509705,6.885580376166558,59.2378741772352
17.684065444848603,18.061446344860926,173,55.0728873026062,3.723907810837959,53.587384691811295
15.38739240003838,8.306733294298041,79,55.377771843023716,6.4175403734783165,54.636211678509056
11.448966160852223,20.028083871419124,110,57.73202709366543,4.969111425792139,58.049207729609485
15.094499335916487,24.540721991945908,217,55.284754593840916,3.988924297612708,60.38300585962251
9.130717613831278,23.45174467276727,358,56.27590252117505,6.482999605090045,48.265708622019226
9.59470248167319,22.94511426245806,106,58.37950124387782,4.781221020010662,56.03253768542562
16.8347773988119,6.037810967921436,47,55.093087742943304,5.059269415718761,51.847355345769394
11.696292746023733,3.107355936043302,181,58.25787393035574,4.436933477599062,43.24806200202441
16.975705107775287,21.118990440377875,64,56.1274190990936,5.37180340573971,69.44706891509092
17.336335605024175,11.366242806933364,246,55.47265931048663,3.654095490340091,45.28149162345086
17.86343506491926,13.254213678898745,244,57.786948661456606,4.564326146607042,48.15942805744384
18.74952853761811,1.4188982374050365,320,57.515771387119536,6.87764928934115,29.36237124832492
11.464778307699444,8.157505253613952,87,58.50988805410821,4.03253373080451,47.39161831816157
9.783002274817083,1.4934539142966887,217,57.940284175215545,5.626946658165169,27.669484955963412
13.732981198911707,26.435980291736804,7,58.213923721539395,4.30076025689878,61.330863261147435
10.567586351564414,7.680202154946649,278,56.12813829028523,6.093892502746403,38.91032879771318
14.016112502003494,16.94144650240374,337,55.70975817511889,3.5234946428733993,42.98366682037496
15.58378793965737,1.6498899595033472,210,58.002459006563434,6.879284180314179,31.245068035843353
15.326075277382053,20.17199804351691,169,58.22733895706906,4.815158165534557,62.31906637608022
10.61829330530182,10.029306699745769,330,58.96202056800269,3.944201853385856,33.96477441428032
7.5029030254812925,26.988616015251143,138,56.65047070764571,3.2939869893200506,48.46574891994743
11.457940076933113,26.699486573554058,306,56.48807234317113,3.679031620350163,61.624249897667596
7.138912161228631,10.09607324167156,230,58.10565184296799,5.07909579422407,25.9956653631486
18.351455527757125,27.0783464228688,308,56.363214161012074,4.348012705725145,63.5928504059283
10.188161911067862,29.886651368213975,161,58.72302930241426,6.315533463530437,59.46262711267231
7.316896208349856,24.84976209165647,1,58.43365100737205,4.723550094647224,49.4869965678197
5.3817163985862635,25.423704758779255,236,56.715976109500076,3.9948570903505196,35.805270785850425
14.687335794297264,7.845757715218152,188,58.00348427116599,5.468579946416121,40.81922616888748
14.55353476182115,17.51272076630381,4,58.01817149633873,5.827108867541783,52.44357766126964
10.109062498719375,2.4840494620373517,132,55.41249547534373,3.6681676316037994,41.59098220168155
6.075678332714765,3.3000791362392565,218,58.61021162671827,3.6704768651532707,22.990326244571484
11.144433423428481,29.967332054982073,260,57.02100948979143,3.146685707734172,46.411871061986496
9.668262425950903,10.135857858064373,1,58.30582986443097,5.945608060262562,39.29040718904417
15.156809596025141,22.57142540544097,71,56.280198404122444,5.655218110487221,77.39321083396412
14.086688741790356,24.296619064291086,178,58.5820929139848,4.8985235029992555,68.6164630738332
10.4689059229631,25.81168649471326,189,56.556806714936656,6.376681795876788,59.53621867562548
8.26838831382485,29.930034773363616,291,55.04335060592119,6.222680611800213,53.60524871773524
19.82053949233388,7.624146315077601,8,58.621527905677056,5.341417457587008,63.085695432687636
11.810024317941723,1.6903493923611412,253,55.36514670714453,6.4730851220530345,29.349803408879378
15.324113536703555,12.630149780840286,292,56.27725455036166,3.823364840147073,44.72947016462077
7.108294513675411,4.337379759953935,244,58.80024786820322,3.4476784775909115,16.327354858703497
12.283845494890967,1.161563730280626,123,58.80242858775023,4.078998446067958,38.88224721545736
5.413050798041982,11.13259140067384,299,57.29375155249314,3.2283474243572594,28.394662645291845
12.58182676865675,23.620278406719475,283,57.527348848679196,5.124678112004128,44.80776497979648
19.460261106765536,17.20233039113959,32,56.79378208791328,6.746422769179846,60.79902335779788
10.763100694787003,9.726950681705445,334,56.172843086792255,3.1573741626740386,33.14366683576756
5.584940188623674,19.80308916203523,146,56.314658181479665,3.488439656040107,45.26501670040273
5.464336863790153,7.344536319109916,156,57.69007382430815,4.808796113133742,34.35000596875279
10.819801399203042,0.9242526591265082,16,58.009498117750724,6.73550007011162,38.32477368756571
7.400374046947911,23.048424899874608,355,58.16631617490339,4.264624419907002,59.19756194682074
5.350281444922789,18.90042100348827,47,58.158472571178216,5.02893923475357,56.54211003392283
16.343204209252654,22.98792742277832,251,55.364824412194764,3.1662914362015684,56.53764267714775
11.87784513322836,1.6486714922861356,187,56.977681218810325,3.5933728038483554,27.010553937833503
9.338671579589818,25.19502902100424,31,55.230235040066574,6.946520491835388,62.084627880143145
18.501247745247213,18.77602290107095,260,57.198115529294945,6.860474785744183,50.92153871259129
6.742084403007884,17.120162846022883,17,56.76612200549351,3.0197599237376385,49.54919394319433
19.338782434329786,18.92611441937868,39,58.5508167310332,6.807247141692956,66.54968347759579
9.709500760660292,26.00078078261674,304,56.403660050208316,5.556479751262001,57.288001853186465
18.32605508463022,17.81462694348776,39,55.468268065710426,6.4716731780800885,66.29023811094181
14.044143147191923,17.63803620670129,132,55.57196672821134,4.818959422535436,62.88101088592139
17.40061039612231,29.72503513344009,30,58.04604252686989,5.062384114317001,65.73132198615238
19.760197448156966,22.823539928522756,158,57.472872253265045,4.955386321027681,70.09595804474573
9.326081567281186,13.54766726080849,278,55.40449070449116,5.667457030184417,40.51201216061752
19.417032281113894,21.368211500971366,203,55.33642722445999,3.5586050190252516,63.99040515230589
10.842228423536305,11.98229891490776,66,57.80387652583648,3.119894359490712,43.28515645246214
10.782678571053836,7.25182614326322,108,55.29105202545677,4.231719766364764,47.52984323266968
10.105806563817586,18.1071303681889,268,58.28744023716143,5.818723050946587,48.942542470578054
13.121114110213778,27.881371894361568,222,57.82496890862598,3.8074138084917934,56.585877079252136
7.312175647677306,27.90961584045615,292,55.3253951225676,5.693729733299669,48.78574136827302
13.305672280370167,10.586205704111965,18,55.339350856340765,6.879648184429081,57.69727112355555
13.12557218615006,16.06648525354,90,58.946558314004704,3.3756028631576735,61.04178618898445
16.42852718907305,6.743259007810906,181,56.49708318302448,5.690408472900505,50.67082533675942
17.504749429063786,29.871117730217062,255,56.48256858826756,4.775000877218284,63.45018063076369
11.60662025468636,29.442978282104104,253,58.25119826903001,6.472569017510022,57.12785344232538
9.534998740272407,19.660513426369697,257,58.78899430953543,3.7085991577895436,43.41141202899097
8.890023459756417,24.230214760485463,346,58.94400425529148,5.7705038089046585,48.94739690269559
7.919357550573078,21.59545475786915,87,58.01351274103577,6.35246115859244,58.83294579252505
5.864713732985373,17.998167461664313,90,56.50503834212366,6.778456877896093,50.760628059204045
10.136719682520699,2.073765911172482,237,55.33400286679468,5.732992113158583,17.974484472636426
9.053715381961748,13.915548105303502,70,58.10858766370975,4.98869905603371,60.341028405270066
19.49626078799611,20.40619591393861,44,57.23361699894322,5.471388960804855,70.72265136617666
13.365632393750658,20.4871826095687,200,56.69688803698791,6.475619937914873,59.529614201956875
10.209155585457612,11.507117243460316,152,58.62541754037895,5.282438986555318,56.59738545339045
13.70701401490544,28.279913606411903,86,55.444789929224605,3.1215482387873474,74.95460779031795
7.087950520185433,5.43703245098504,19,56.970500417163436,6.723794782027911,30.587824033678082
11.660656238033043,15.260603663359039,101,55.04541457906968,5.758107004126245,58.131931919374665
14.393514821315957,20.88107730824927,95,56.87464256797651,5.706053543108986,64.77674866866674
12.33346747688677,21.06550627380837,254,55.22521310272735,3.8627006095908687,36.537303516893346
11.026682009814863,19.63484922468006,357,55.475271665072285,5.635541880930629,48.985435390680856
19.907725833495473,8.621002296829875,30,55.47010498710842,4.575457622616634,57.09034273830165
18.204721432233903,5.108093776255348,249,57.596841208464255,5.604931908165968,34.631091215170585
14.351089372391602,19.26023964138797,33,57.98417951706169,3.426372121231963,58.00387316888346
13.540660417734241,18.179412426113412,229,57.333475060388636,5.631381218412145,40.86375667997011
14.30990719736876,5.791002303532609,12,58.848690193898165,6.997654903082666,45.9935466808327
8.019681617336499,21.30160479433162,118,56.49948231809481,3.192848155442224,69.22996205856572
10.92706614896478,13.927573756142865,350,56.14284834512744,6.908696736885269,50.87963962399445
5.59189299336349,20.198937452293013,155,58.47439651275784,4.627631842891482,54.736410419348616
12.1331905623024,25.202328853219445,246,55.89438335407781,6.483013801349037,54.258629896342605
13.145368759364947,5.506988643019233,332,58.852890157762445,6.129541936233094,35.23816371757856
8.416246041548144,1.064773605906682,247,55.04861789875927,5.268065043946671,13.183310051980166
19.460432707482706,23.48352629867571,29,58.879515306830555,5.9537968370053065,69.77622550150934
18.64181916405863,18.48607404200217,161,55.172639647802306,6.514062245205391,59.62700590950946
15.832148531838588,21.13936730385259,235,58.564572454792284,4.6165612866041315,53.054930737998376
13.000799431480438,25.225571762164954,190,57.1108044363452,4.308132646252955,65.70512282510944
18.049537394715273,24.182922577322763,117,58.9718591844772,5.670373542254339,84.74297342547024
6.959785157351943,28.847144334400326,271,55.2951862589416,6.231383767765035,47.53319452327498
16.857646914123276,16.310084826137487,258,57.215417137605286,6.049140539106463,38.56877395155714
6.8723122095027245,14.910621163467209,180,58.87721014247639,6.191254595434538,43.90099839572568
16.91315993824108,12.355672396776537,172,57.092391376680595,4.7423332592517315,54.898410994488366
9.136513523770354,5.033885763904034,274,57.51759455254105,6.2713368647000864,29.392013947697546
18.156358715272834,17.39191337001966,259,57.78299475593847,3.4808362214824338,49.40418824610227
19.16063140738097,8.671869467616373,135,56.8181642590711,5.177956391843399,59.292794067141806
7.231939541076734,27.678571610282777,171,57.51023232033626,3.0230346419924863,55.16332416807533
11.940134075980904,17.70412872617438,210,57.3372572476924,4.298343319601081,45.91371276672248
19.714810672440276,17.988785324989248,236,58.60463204196395,4.465846139485592,56.250891628167345
12.251111539597199,10.970277495871796,186,55.18178552136583,4.584690766437022,35.027059989013004
17.953212837718176,2.033685883342371,364,56.12385275836892,5.781868826759449,41.818964898726705
13.830972831969797,1.4364410785031643,95,58.80164593630624,4.5542324050813825,51.45227992550039
10.629948618794028,12.988386752519327,11,58.56105513556366,4.794774490490123,55.83023689853227
9.286753332888054,2.9946786538685166,68,56.82262701114285,3.95017652349731,41.35681330984934
8.048346366291309,18.401985188434104,210,57.480530391206145,4.49300716651736,49.42778279701802
16.42697287066546,26.488703666369894,196,56.10952473192453,3.909078509052606,72.34813363595202
10.798107602345418,26.545987087302304,98,55.75248463889505,3.2927836950737746,67.50937269747756
12.669131933011268,19.941839598900856,93,56.85479361975993,5.413794373525512,62.34921806122885
12.384882200017728,6.7313390284514645,22,56.41340891210421,5.6728511942200655,44.38007074691984
13.65918543849697,25.958406525086726,172,57.334624447403485,5.4779613840384584,63.73733598322324
17.983657184368283,26.63975634173964,134,55.31093854785994,4.853976175202289,81.08647841074514
19.711090153751442,6.3012807561122814,25,58.89757923066467,4.519143120716919,50.2578990691892
11.113763128607253,22.25406953023498,185,58.94484297791841,6.4533345982873005,62.850690135045724
17.412783831594545,8.952326693350127,85,57.79264685607898,5.076327140544873,55.786058596572005
16.467916919820766,24.177889214411426,55,57.14438546537648,4.916727510518924,65.73265551018214
13.602934271833599,29.91851804715628,251,56.23811046514531,3.1025682632257428,59.618018009219064
19.340707154178997,1.385767157217088,144,58.25518007882779,4.364991310504625,56.900263886211185
8.00711773292604,26.97229304083249,351,57.73892469021552,4.520782475143428,55.08738406534881
6.638963154644321,18.867600741160413,167,55.650467757379566,4.595291123587602,51.64643344384504
17.809429504331334,29.214787265362226,224,58.64370873797537,5.32068947690933,73.80602528859552
11.587247249506223,14.217780767029614,220,58.29014897169267,5.134410186907514,48.32950074186436
17.704532813105907,25.497943951855525,179,58.7991996531677,5.4316203711737785,67.50014319015304
18.396353077931224,2.3406250236491783,119,57.90287803355344,6.059533046168513,51.14108752755189
5.936863904286072,10.390731977309724,265,57.45366078374316,6.251942954864374,33.10348709253654
18.25197144479091,2.4769878636606943,150,56.672972145162475,5.872492304905977,53.83307364615856
11.724785830541332,29.27262243763258,215,58.730913933416055,6.822094783819739,60.127948365963256
12.656487335063483,24.600730264519182,197,58.46425555800163,3.0729303307054465,55.68322483181857
14.398887666398153,25.65014892675613,42,55.18087468042476,3.7831119427341844,69.16321212752253
18.895739100951303,28.16997432729988,53,55.10546789798901,3.0302514999125685,78.01671999291894
5.286741416446461,3.010552840533668,330,56.505853467512196,5.589898856618412,22.135781059451766
12.152652024767256,11.875128979143334,251,58.24221332312733,6.592122195799948,34.209663503953195
15.31583063645841,2.5955292267980625,295,58.94910451725978,3.973929186305197,32.962146882060416
15.840604365473427,6.718396495725845,271,55.601667564414115,6.708138179185227,32.506748099596905
15.38798647305662,7.266290422611335,123,57.37652286140854,3.2410695611582434,55.16199174234989
7.016526941121828,14.338662725903571,339,56.523563426524085,6.737744107222057,27.931372968650216
9.490933825575219,8.422583939882458,266,58.879657591258415,4.406490748958538,26.901193047634095
10.380732881255202,3.478854151123952,348,58.36847569254284,3.405683313796866,38.542555283294334
17.066558115192574,5.440987128276177,29,58.35331481884455,4.943487036745303,46.2060491403427
9.181398086218294,4.844629124786683,35,56.87477263917988,4.027106270882031,44.489834196375526
8.160574458008048,29.2057655384128,6,56.65927800935066,4.139491607847692,55.94305311233142
19.361720285571444,22.899128954094973,111,56.09362828772282,4.229159859705146,79.43973301465101
5.132949276702034,29.048963225452077,294,55.22550198660371,6.212103591330654,44.32439704208286
19.967312835229674,13.472344351983303,77,58.45888950502021,5.156645106701018,65.45052595094756
15.152319482860934,8.711870209048369,349,58.25160403652031,4.245230796624014,44.44682940587552
17.427039491736757,24.049649317671008,147,58.998870693144525,5.4413351332436735,63.98268455118989
9.419290945192898,10.12449058221383,67,58.98654734829562,5.864602696892774,55.429373692080944
5.2147291650059,9.331809524307774,8,57.22172682241051,4.090496002934135,43.47943945102619
16.06804277842295,7.358926770131021,122,58.075949660722046,4.654196406101406,53.47184189976288
17.512168955010136,4.325529857614943,340,58.779062919529714,3.48754437334779,43.78921743201167
16.10714197930279,8.065660299994596,175,58.398589562709645,3.7245973981387213,52.57626585074404
7.142754309512579,10.981932579979688,179,55.98939240697279,5.724471415859931,39.69908276339457
16.301418833854534,20.382829140299048,85,56.80217654124037,3.725753390782508,64.34547504627469
16.533841731614615,2.3456628454738215,45,55.51663766060598,5.100653534668241,57.15126685368706
14.878107735050824,6.709954720127617,136,58.81620410903489,5.836185046889731,49.77784461430423
16.491738991933794,24.366197388604455,343,57.42469853780352,3.4275076923789753,57.41336490394922
17.688821595165983,4.834196745721237,16,55.91457122201385,5.269248878515614,56.97432389193109
14.204061713561876,10.608031822414386,333,57.686802737623424,4.026251134805455,45.469043642814164
6.329070709545186,26.007438194815133,195,57.47251296183158,6.851707500950319,52.754264272161464
12.314417145008163,5.070296678731558,9,56.43265087213136,4.9341825868796985,36.53688214237141
6.164740020074076,2.9407366507366017,316,55.45423036879852,6.223970199100632,26.88272408892604
11.113145465486463,14.79387085486032,334,57.6862927823712,5.200906168625047,57.525529002521765
11.106597336884414,9.421375582716824,333,57.08123080361517,3.1736501314192767,41.917674632715325
5.990147662103624,17.120546752273697,327,58.08927356694256,5.532605502376089,40.70439772710961
10.23230800954219,24.212244269262516,15,57.08065400444797,6.805613368826628,62.65001081430549
6.664971481869722,4.545880400505923,327,58.40872600127416,5.406447280585325,24.818500811755616
17.123528150138334,17.630622994351405,102,57.20762735509794,6.276755437707161,66.3198686463515
19.21532038946706,15.412508431500985,226,57.243751886141546,6.536825853393632,49.910931382910206
6.084747128869079,4.7503241873893876,278,58.50661441063338,3.91231908779573,19.204021234016345
19.326728109375523,18.907955323104982,113,56.613931464849585,3.8481793596329066,69.64504403585532
12.838648990051176,8.572392326892764,1,55.536060913802565,5.443923955403967,42.36536871526793
9.493485169308109,14.891112397048369,266,55.11513070525336,4.644113879226818,35.148731416112895
6.152931129142453,2.9270335661733253,208,58.020549022694475,6.359445211466881,24.697157363548225
12.509364021056268,14.05772968780188,110,57.48123820541386,6.600092493592045,59.76764159823962
16.91773316736123,9.540672307263199,200,57.816319072396894,4.413685517210872,47.268789006401
15.606297159000473,24.760245729967952,306,55.85185664603564,3.9474822358979282,55.826443673051756
5.753390171959606,2.1808724464223643,12,55.54548590234708,6.122102060975447,38.74747346818249
6.093527530518553,12.848914610090734,345,55.05817866267153,4.099224142192544,37.16958984435442
11.043099239489557,14.02372701187742,188,56.402350235226386,6.290457274054713,57.3845335650968
9.429357410719149,21.887679250824004,154,57.359670747418534,4.694953014595051,59.67795091953868
8.485764845840718,17.441483465161223,334,56.56897618039893,5.670199597165881,40.301393887234866
9.215067483630705,20.18276394722834,279,56.749899688094914,3.3821412553386727,48.029571161348386
17.05224114945327,23.422953926726805,171,58.616634777974994,5.4954372987062925,65.45473586546551
18.938420804477808,25.934987722916567,134,56.3930218680932,4.8070707149489165,64.10489203810525
11.076540417913495,9.75932715331288,25,57.05595795663924,5.346433852701896,47.20309597175632
18.591665031987453,16.371669808235136,18,58.13461205096457,3.6720568309794537,60.48500090346319
9.82243551871823,25.283188313956398,190,56.58617112928508,5.947494979776728,63.81536609333414
12.146554795156874,29.688808363469164,141,57.48834680091149,6.451188310172914,66.32840426474644
8.390434967239996,26.740819675791013,43,58.44945483498698,3.8669592003631026,61.890503734417095
14.607140632637659,11.458284247419115,334,58.79808249463057,3.382858222080647,50.238340448365555
19.68471672762213,6.257412257950187,284,55.58829392371615,3.0945543441853456,42.006376827196725
14.05239644065068,14.937079853494367,146,58.706350500645975,5.567886001773064,56.820523980334244
10.367211261703233,22.378422829163245,315,56.968465172318155,5.4283761443551235,43.45358992605633
14.717261689857926,15.030787587222278,319,56.032977553195835,5.18678965085628,47.33366402660919
6.8438101769808135,14.75383546775322,92,56.836543024953045,3.9277883844639017,52.81906855058623
18.32988620398098,25.227797421913117,179,58.92013030114191,4.563623983622058,63.986647314312236
12.546259261697546,11.161411482481997,56,56.970472375971475,5.377905340744692,50.852455422903866
11.740246130594631,25.863942906943546,155,56.31500644115003,4.9870674354366775,60.43894462651629
13.787971826802789,12.500741628075845,160,57.5336034172669,6.951142080859549,47.86060940345944
14.371757941841036,10.182876617511013,111,55.96058247511277,3.5457590102269325,61.526766381486134
6.076637093397696,13.892702380391121,137,55.303453312434655,5.780578216190375,52.23746978664232
15.239258318351036,22.99218528090862,232,55.5155188876426,4.6172750724171685,58.430999269538745
8.628975204732944,4.2170598219878315,220,55.51218335583109,4.712798459702459,28.57808717926076
15.709289487598847,6.294366868224513,68,55.60761077404918,5.870391062632705,53.142083191508696
17.33802191576295,28.567622357061214,302,55.55530869059764,5.769744605297479,59.41066300708643
17.059377613287804,5.677003007750042,249,57.56349897921286,6.965023974808753,42.14771770728379
13.287514511118337,17.24795587896611,323,55.72752033759658,3.513577157816501,37.47588799990618
12.802548384661268,17.589776766527166,6,56.38266913329545,3.4164385975366653,51.41142128580792
7.143139420091176,14.94392163048222,280,58.58715363962405,5.897355268514964,29.136781728130025
16.63019225604703,19.51998483301615,94,56.89584656105149,5.313547668025636,76.26445042906496
9.071140706700715,7.279888411029743,269,57.67023095408411,4.096642666239223,25.811380624293307
12.450431342269198,16.803536899414073,197,55.68927948480652,3.3176774759559464,41.09388852812888
9.264111393912751,11.479111029783466,25,55.76915607523468,3.342632998385722,47.88509893983589
7.0074254449953965,20.019184159061076,148,55.16347446506592,6.576763498656473,52.17341634268775
14.443365453376048,4.666094529507909,118,55.675740252288655,3.7674692988749716,48.171881942483445
5.814980522343557,17.340883796764547,338,56.11436135612784,4.293486248462083,36.536407222543566
16.229678511893,5.965475483808049,338,55.708041937106984,3.906625608907952,37.46137238487151
9.763801928916749,8.719970361893573,66,55.354810135028224,4.41998522332775,53.04947237890325
5.00202039506728,6.951939109545705,301,55.482543484402406,3.2776953709843735,25.153486951820177
12.666937088558447,5.893714506130105,175,56.8431150721309,5.0762391636330815,41.391692008773404
5.702778627914046,24.858473071039676,319,55.82533487362317,3.2704502543688596,39.0940468174871
9.142543367313493,8.928373245996266,76,56.4570794441923,6.201426031289446,48.712358046381404
15.604647311835743,27.850151565001255,114,57.01366908341943,3.934848327641732,77.1217748491352
5.940344324327988,29.11283249768313,111,57.76157931451746,5.160047658418042,67.16212936207837
17.590077385340035,17.352183863144372,249,55.1572485593644,6.5203163502458334,50.1586523395691
5.057298839878746,4.718533118638929,203,58.19764159563617,5.603509476188776,22.718205265648447
8.702358038028533,11.549173179697647,147,57.51160155796363,5.131831146205341,35.71384254141503
16.11356084228107,24.033101768772312,35,55.32703612779549,4.297335012461502,78.03448614268044
9.744052245939603,11.338026496563579,309,58.49431449642711,4.332007652232791,28.267939288124296
6.528385820990203,3.067007939932268,26,58.68348960212725,5.6779478207927605,25.40403705729013
10.40350878200642,16.925154872381544,238,55.24431183941945,6.97655744488467,41.89656296135057
9.055899295767883,25.431065119133027,14,56.10751059258882,5.647356759397514,50.14227941796038
17.640678532408323,23.97982842073332,45,58.224805119172245,5.2311336694801,68.11923218726535
9.700218763777148,5.666132633845421,216,57.993038761534635,5.922602040956985,34.59824289401563
16.833987076640106,20.34655612516777,233,55.73808407742551,4.860822449134872,61.771890831600686
18.378082172161022,7.00487577135159,193,55.83739729334684,3.240569370403141,49.198467562051086
11.507261293647943,6.937122269289081,51,56.48188841116553,5.249187263511639,46.244187736121596
18.649147157815882,26.285117312502962,214,56.93809194076408,6.830501138021521,63.24637221968928
10.659770809447892,7.865234105836789,151,57.473019086121184,3.7012117694306386,36.77465320145828
19.461176247351624,8.26579672228133,275,56.47565455827909,5.760019563282663,39.36776265347862
6.339342867883594,0.5192750274583369,338,56.85013886453259,3.803734754636226,21.395285031879823
15.305288997548642,26.18473650670277,76,57.98988375253503,5.143310737892325,74.97512599099561
12.40721060685393,23.881546989669474,220,55.146732811562394,3.3867057985868785,62.46490714911382
10.814732081834705,19.006203585175,348,56.009747777376084,4.801483745032741,39.41508131090936
14.490678181229013,22.632840036195848,187,57.85339834353821,6.024653315580984,57.20940100346359
15.557856374514968,4.985432739022508,289,58.5808273507488,4.390286096955928,24.829913291932684
5.0654490447546365,14.020546040333475,28,57.04670976846266,5.659646897948872,42.217767136815006
7.50429633120798,10.860971926789036,180,57.12845394106126,6.181799843158917,35.97333914869395
15.69569075951478,3.2664075245819864,253,55.4286880453591,6.708711277917811,25.26069143553841
14.995781203673097,14.84084931384026,126,56.78964946729382,3.938568327421814,65.66478889813595
19.490712576930157,27.661819685107744,177,57.130469065820094,4.597263663237232,73.27428079484807
16.415566853761746,1.6817440119954872,37,55.96988201453892,3.6096640533216697,51.30696925438744
19.26159061597007,9.09809694806692,99,56.07697292379753,6.969934008633501,59.46487720382808
15.538107523022104,6.622457618068252,98,56.50913665241849,6.708003871697182,54.847172759468506
9.470783129591648,7.525326283138042,127,55.080284791110905,5.159828521122238,55.02884975918875
6.580473833762847,27.29881928044157,168,56.28831666233271,6.368133177505685,57.65200871022078
16.72735795017403,14.308037099911559,80,55.84579202798618,5.083831909088168,68.2337140886337
14.66223832213874,14.255832681724655,294,56.30998940871166,5.494342752011039,39.36467657528854
5.722790185899443,22.936981452430828,333,55.479048527277,3.3564977284640665,48.15026031867596
10.400756988514676,5.057520018145311,126,58.56210912295958,6.021081681987232,43.0573735925755
19.351997232264292,14.874327945951498,343,57.374369814216195,3.5108539345409393,44.91736731546355
12.506017185653018,13.184563816571261,310,57.716409276577956,6.304270521010114,40.038479409676064
11.49093704029557,18.108865371126356,150,58.15668495442935,6.128112350681544,54.85377458808057
11.86549407738941,29.986952245887938,16,56.99376879571623,5.834978790971906,58.821219917109964
8.133240860077455,23.198742375420387,28,55.34768115234969,3.1446415220990485,58.55159837490771
10.530607562971928,12.237038239014103,173,57.14842616727419,4.212513423781314,42.034205019198986
10.547198839807649,24.912815042084386,46,57.34736447208352,4.052450279643372,80.14922626498473
5.785325302812086,5.535896717718165,328,57.98175789673732,4.440545629886076,19.20880904441669
16.513514427768776,1.3986787461143237,236,56.72663818491872,3.350570987055354,27.18844270935999
11.247566478558184,6.531226987696055,214,55.51032121118226,6.747831292124252,39.215438385046305
17.33269830224635,10.54214090537066,85,56.1351036231949,5.2152089628495055,60.61844853380534
17.755220016798432,15.562132345057016,282,56.45232918559454,4.222097242632094,51.21508296065269
8.179910820479872,18.646309645965395,232,57.5836689653264,4.587926068297134,42.83748962471066
14.860302232551929,27.36286865782544,85,57.283113218675645,4.788810162019343,72.22587476617136
12.084227062444725,15.540693281738502,65,56.42438690359138,5.40237733344247,52.14261248779645
18.202351068822274,15.287631516459017,134,58.94606099517192,5.062717710785991,69.89808831117188
8.236110187646812,1.982168789777973,151,57.423099277427546,6.677567892857669,30.58387399716618
15.167198004650663,1.5298908033586023,115,55.948907166943975,4.987853931623321,51.70089447535414
14.116281833790838,16.759218876532977,64,55.40712989048161,6.968632059293251,67.21356432796172
9.429522163577492,13.426269090826162,343,55.61143655673733,6.405699830980383,40.40986123806261
7.049013554767589,25.255821651918808,363,55.983830913538036,3.8340420574293432,51.84968412297344
14.774596407159148,5.240047748999433,352,55.64272549303822,6.722380858575665,35.83171778424364
16.07896187198496,1.2366640324529632,158,55.74626809620522,3.4654655915419044,46.938691450512636
9.734410156450249,13.746643653938714,77,56.140380674775386,6.269798833964766,39.89893090478602
14.672489060334707,7.505617424191596,146,55.69349438117902,4.52249317390632,54.56908851480203
10.92696361417255,1.9636240134957048,343,58.5870616985057,6.5118972817802785,31.976116626474596
15.698103249239265,21.875649462005054,225,55.32093498264657,6.472226760429802,52.91865622035842
7.988229123410797,3.7919934987388006,313,57.098045558281015,6.223701600470484,26.78642130944323
18.353225039542615,18.445425250229263,103,56.641587307958645,6.1601217452282455,63.397650254474655
9.311143946983696,8.79096762992323,347,58.92951446763443,4.218716556392163,24.850164679361356
10.516789816342293,5.61813348547315,301,55.44815560867221,3.3236771322050087,31.661343150258222
5.871379281205247,11.702669926119865,88,56.59142239618296,4.611920715060646,55.31541013604526
6.672683184819146,24.142650398577132,303,58.877881733101475,3.6940980599460347,34.69394330923399
12.737928540684923,12.066760518684895,168,58.46202850357592,5.779804355609847,44.56009618733409
9.013890150919572,22.647704651726144,170,58.26828828379712,4.384398906151143,59.361206452364776
17.532203386132913,4.201845755574945,135,56.03161130817976,6.90244080343966,54.33051415953358
5.220400829824308,23.296756880119833,50,55.683550349560264,5.563888309381328,71.95983824222817
10.686410730079043,7.489533084746135,340,57.67457287969772,6.289922254537444,41.51957727884731
10.06018320153639,20.483097331721748,347,58.71750395651034,3.5300986909673937,53.68322728646776
5.289914463764015,17.190555867809394,134,57.22705157205572,6.44805792909049,47.13172983283776
6.865525985007653,27.909769157744776,347,57.2864507578796,6.691028762053577,55.723217075144476
11.20464012377953,11.926014280271763,137,56.119916374641136,4.948247675275743,59.90448684225583
12.3929687667117,2.451873070615993,245,58.07797173276775,5.425011751003909,27.701359725570153
11.064346208823036,1.0650868237619606,109,55.74817499423009,6.059239203611982,43.2930393719684
12.964065176181407,24.892327548696215,313,56.294716945616976,3.69935450904165,53.35301488244081
13.926975123585223,15.97970131101225,287,56.70174575446567,5.01026430585377,39.62857350022914
5.1488573169175345,23.369699529131005,21,57.03044151473782,4.594652111089252,54.42990710181233
11.961427391802559,7.415555200339683,90,55.96963892966032,3.5854959686489964,52.98681378168007
19.452488613313825,10.679970492640395,296,55.459347298956814,4.470137689166126,52.1474720587283
12.78548420194323,1.3880642302339088,112,57.44248016976653,3.2726892375419743,45.15249652296658
15.163134011884297,28.864023574936308,301,56.15452221296103,3.103247627797948,61.51361365491951
9.677957868753248,20.202103247673996,77,57.32495288569045,3.540665156619291,60.718465498732705
16.609870672291436,28.029550088899533,177,55.617450861096806,6.852460446356695,72.10555960273246
16.593822228141725,8.332144019157633,343,56.92456040741927,5.198118143580068,43.29719298506147
12.819440714812085,18.538176531156996,148,57.13035773020634,6.863288644612879,62.38476294775929
19.640207349188202,20.515749064632814,101,55.20729414728971,4.7299915133205275,77.5846585287392
6.883253221439801,9.86771615759886,246,56.34641711277568,4.247264532341038,23.913766131742648
5.254214973343715,25.519222432961087,117,55.537658707755895,5.024567451360976,66.36971552757339
16.55237317635644,28.441263155557312,92,55.253499881891074,4.758046754531641,77.4708906189923
17.107333060473238,26.603225972032128,28,58.95984092955978,3.4226587370469757,69.41854488049779
6.803108436808643,22.30247579021149,25,56.28941537989889,5.563305258760825,51.08810138215492
8.98374249437909,8.685208051886145,58,58.23949778341854,3.8641527300383984,49.36288449197704
5.263285450499434,8.807673242116136,297,56.018562619055054,5.478351819591318,25.890794461031497
9.399629161708472,28.919129453158117,134,57.726010888895715,5.6008043695926135,69.46494048340267
16.597128108780073,0.8033926301029148,331,58.04091143955875,3.6080994125145924,37.1466971505552
12.769407915688685,21.623474210643263,249,57.38255496243138,3.2453985084426726,50.88364063527841
10.22143389752432,21.334261795380236,38,56.88630475420064,6.123046344273759,73.56617175432598
10.576089423594954,18.869341458019026,75,56.64736365658907,4.83920169507728,61.37040539171523
5.020304385732023,29.70821095956254,142,56.39547306617198,3.232655182021903,58.48025642194374
9.497007913478537,9.700443355029895,322,58.71811657699131,6.979465268679069,24.253350001183513
14.696881124568957,10.529169981900822,168,58.32247763115092,3.2311222439854665,44.65906514523999
19.612916657245357,2.8287123869233888,259,58.86010764266605,5.780140915434213,42.86157779914173
17.705912404758493,13.562545028040255,355,55.49718889394218,6.934715701053655,56.6963310058012
5.353924469682937,8.20093152392802,225,57.923469900814574,3.9567204168637025,21.195072012837247
18.478409070122588,10.629907714240504,152,58.75336182728415,3.5689974747487847,70.13747893784148
16.74797619947939,25.119867812541017,19,55.72493226466264,3.4855397576897156,70.06395825714748
16.705641853564707,28.096793149061124,146,55.265985069467106,4.213100590270383,76.3229994956652
11.869936385053572,5.979125624152976,241,57.964482597160234,3.4041832440425868,42.99168461236704
10.970079394317542,11.489013480827243,344,57.29789245271965,5.768645366776528,49.813626136385636
9.543735932497889,27.894601582404125,237,58.367315107033086,3.2491671925202508,55.18797261735294
5.985422884315486,2.3233495903320676,35,55.55908950650516,5.037688512599159,39.31894431855311
8.423530452405487,3.2246355792856662,190,58.18106924743956,6.986787415411907,36.65931582850077
8.69905452467037,5.302334181583766,1,55.80650928019098,6.255881078024075,34.708497514186476
12.261156045653024,18.058778606742806,153,55.654623771462816,5.460877752924043,59.06885742033432
16.21166609895041,4.938931994676925,126,55.65706319172397,4.225014483146447,55.528075771030075
12.107147425969199,29.05825325279664,345,58.25829888092553,5.495583345166554,59.57768819612648
5.867666741707409,13.67807855412635,226,57.6607888827848,5.1081658556466065,29.084447000827314
19.36684701482306,15.294779830329908,221,57.092261699076474,4.704333535561486,51.051498241940955
19.140864786411683,7.776429166259492,211,56.43532193649401,3.522841506960798,41.09420879368526
16.777843147226125,14.393327446824639,25,58.50880216325243,6.546416860961867,59.020538103980314
19.86991852346331,20.02645216279184,16,56.56978042969054,4.7991385952852905,57.68765020625629
13.167234992003944,22.65972554014426,182,58.26639775788631,3.7784900472830603,60.25167005197362
19.44152525379809,22.739108439942434,329,56.75653963428088,4.4710374035091585,52.104563532121304
6.134075609251262,17.547787824475606,129,56.50777771769963,4.656519010115709,50.85314189343825
10.485211223920569,27.17861336231879,42,56.85071914267843,6.310151582267498,68.89771838585048
8.380719020101488,24.61353149553023,336,56.20551149665657,5.934457522245609,53.83878947605679
7.937496262014051,22.83291938360945,236,57.990437520705,6.077219574565359,47.75788230461766
7.112044233390141,2.1403628895735887,360,57.01088156036992,3.044125057714589,31.413837554636693
14.33620462348995,0.7028998854796548,34,55.92885078058727,4.664615992719046,37.83433198910633
16.719827836209575,6.767194677266453,345,58.598298293098274,4.9253766065412945,48.35880085911059
13.67447599130541,20.073946020446844,45,56.535564885492846,3.0767691072922267,57.995893658004256
7.204440643823145,12.630325922035102,134,57.174211444455956,4.039252834980137,54.16075390538046
17.166856549002063,12.370984649329696,21,58.62588844385819,6.0411592924885404,59.64649751730441
14.539320607455927,26.595313202773607,122,57.49695198365597,3.548438822915996,79.46842678591752
10.822485591904933,26.919104019889243,70,55.467592162833455,5.141240525810367,69.3688014384859
15.111954433040944,27.32067028958078,352,58.759328494453904,3.86080748806895,59.14197994313313
8.898574688642492,9.759403257193306,361,57.51083221228567,3.048483098575573,33.28640599474484
10.177883127413157,20.88614647580822,48,56.33962245862834,3.964805830398166,54.54587978547923
18.762287646979853,8.513178847593904,39,55.557088290653546,6.903495019640215,49.06451776534334
9.357567585071305,6.1229900756962685,287,58.17610075708119,6.206148447531959,32.32108121074045
12.049824022369048,5.946657491747392,10,57.48029102371405,6.838306577284134,47.45646252556702
18.35211706094022,10.592174815476024,30,57.13384436790528,4.95141617570545,60.3209704164883
15.615820254012911,13.18374978350474,244,58.57557033220383,3.438944794710014,43.04046634086062
5.933048392470541,25.013000546124516,274,58.15438884489812,5.191837955894772,52.43754840203982
7.209545664184555,4.036787257445007,88,55.606699518931,4.8175093382398435,42.18185385120207
5.117623861578752,22.18031249814938,244,56.24688827118219,6.377428330958464,40.70898198567013
14.463826853437451,16.177919968584508,329,55.99395655925786,3.3923303231369784,47.48725189152583
11.715101381156275,8.994387608941778,15,57.975785170290706,4.952964548087113,43.91450188517394
7.014122763534133,15.038177743718325,4,55.134129738943116,3.600194658775937,47.298021777137976
19.369011815851557,9.348291058422168,191,57.27955873948527,4.2987037075602395,47.965629822222674
12.9448958591843,18.084417679530027,168,58.04983474296276,5.949428309551198,52.58562538278734
8.628399411693337,13.298395724229703,9,58.507062547047,4.904072517475067,48.6029101519513
12.509053567320613,5.349963107826922,109,56.36832699486363,4.503553140583078,47.409595522104425
15.194304991026616,3.9392006993930533,137,58.28502921868805,4.577905114280141,49.895612930072666
6.143588269603467,16.627522621127838,154,55.44252694782083,4.8377870736239466,47.004783022573
9.120557225718379,27.121184481940052,209,58.385809166938074,6.1400661753482275,53.60290881816391
17.104482363259905,10.646751753451724,272,55.50995464932793,6.568338755760937,37.81022219015691
11.89497305603992,22.123503163067383,143,56.58914916224147,6.821338746015713,59.48215521252816
13.198657130484424,19.930509970723126,99,58.18918146311822,6.14761354502118,61.58137855818755
11.49224003314204,27.98086997212969,308,55.599669709395094,4.261627582992051,57.676502297549305
5.658499139645077,24.718940010324655,69,55.917005580930564,5.752538824346169,61.64397998494736
7.486246697302339,17.214855137711158,247,57.88901027357227,4.750412496221568,41.832712386093206
11.683124581128364,19.882399697906166,261,57.880146146184295,4.018682488184204,49.26897651165633
8.137781981118916,27.00240076422903,276,57.56459053154119,6.363486317703691,44.47566739349653
5.749685429895181,12.285804145314577,79,57.7757937778684,3.1537053958493,53.37183499818818
17.654744960777357,10.140443822804432,146,57.17089777339039,6.6070479685416945,57.13338668899482
19.71788793746174,0.818926967238292,111,56.00719623562781,4.845909858498937,53.11463639870033
16.89714310995109,24.883256688648196,258,56.38278397401568,5.548805907233122,61.78695841825189
17.806773825570005,24.128930661899265,93,55.7263908672057,5.637415688823131,78.26136437353401
8.629656954755681,3.581408283954466,13,58.633802245334515,6.580470962826146,34.3940904843843
19.409404632697996,17.517292743414657,260,57.33356717906448,5.546678728668829,53.531362913994876
7.953885566801426,14.187460095923178,109,56.60340566705456,5.455734339040247,46.94036948154141
19.271447155427484,4.001918317518788,330,56.84802321457653,3.26660816224276,42.69720224681867
19.922289409489267,29.426762698291345,189,58.78913335844726,5.073632087780816,64.71896216417059
15.67584208619073,6.833528680168985,95,55.61340561246432,3.6006760032681666,50.701712662910865
19.71715597687733,2.483408312671554,105,57.34491932806719,5.949735074885942,58.788375942560556
13.543096693506556,18.047997695306332,8,57.02355471553786,5.0488876832506975,42.321271461512794
8.893126747641356,22.296566975424465,67,57.44581694173859,5.720911116833413,71.12215824982121
11.554938284984313,1.4570816583920154,191,55.072440735283365,3.166691602409537,38.03747923469745
13.90341403068179,19.932170342447154,256,58.48849563577661,3.339168064183213,37.88679160051215
6.0962234304052245,16.202610340567908,9,58.72847312993445,5.865293552250729,57.05365969716314
14.335148969258691,3.546317761813928,117,57.260532734356836,3.2883373439946935,63.15257401060129
19.717667551434417,5.589454369917681,267,57.78660329550757,3.2850269110610344,38.415628644016145
7.8516147467559145,17.255241770824377,99,58.689997524709185,3.04843390093955,51.955874783364806
16.88892674432575,9.242549598642007,298,57.828954537253594,6.82600559319792,48.7994996809939
18.618481906694292,28.180313995213822,164,55.610156171657046,5.950033437836028,71.93461200540395
19.155523892303314,24.652836769779498,141,57.305153440667254,4.413005634008257,74.9962265516986
19.402034066081708,29.51523259215306,268,57.426860185531424,4.186142325150621,68.93306903005796
12.821894580822079,8.160289749037211,37,56.696522685209544,4.398812918983398,48.72627279666535
19.659618619872553,29.106847167540323,74,57.94577694249889,6.098614124724728,81.0554665257231
16.359653107016584,13.221399158850957,73,58.73746805907606,5.645482444281658,56.0015731641963
7.425071543554429,10.75180446175576,308,58.70227405162711,3.7407822714698717,28.19746857167292
12.153501597019549,1.9853110455959206,199,56.80335748561653,3.6964373413363374,32.46335697874688
15.77496763058006,2.0565751068582774,130,55.452952183363024,3.3935825988535893,42.65021886916816
8.710104737286251,20.914332050426314,246,58.939364795849336,5.641210878805353,36.746205417828
14.609227753233311,14.008905335803822,312,58.355592345783734,6.057490648886944,43.79852865533597
14.999007185699288,7.182387968065118,60,55.49865072481307,4.060185713300016,44.520315445302494
7.440496157128488,18.612124036594363,279,58.68336753046949,3.0837798441236512,33.1857143855701
13.476279686791344,7.95931448837828,103,58.479585448248514,3.3286866699057094,63.6499569969679
16.574403664679117,17.540136753160468,296,57.075352228504286,6.871440139380121,46.426661079283086
12.483434968039129,11.096658035989366,320,57.36510174297972,4.181779109909681,36.728579686100595
5.181546751641611,24.79479068504866,341,56.59601081548052,6.076892591352534,45.24803772238466
5.135577036189383,24.71053674261999,151,55.219046555288124,5.498654275417055,54.36309118893412
10.355440159550183,14.58183674461084,157,56.3407889665836,4.527758558611584,54.13271268495852
18.89291102647673,10.84916372538296,206,58.211413794392044,3.8227490487822204,52.10908495647937
8.430151694054132,11.195513998493288,179,55.018528092018414,3.4855456726376257,39.96003673969357
14.515455333075307,24.26857850721243,197,56.33399668676458,5.460051872155466,58.147715986403725
8.331138060399809,10.181294742529554,223,56.59267477436377,6.0985351225511515,40.32197887259399
9.825049844893229,6.667251524351958,89,57.149582411751695,5.575617014164523,40.89828767826942
17.72063134402226,2.9983060853215515,287,58.679422465651044,5.121208532996633,34.23414906368045
15.932921634049203,14.267447066090048,276,56.385383977463846,3.167804893726545,44.07068561630842
6.430989159698159,14.722896918135335,236,56.38781280758491,6.873955110377535,30.594840971451386
11.430530314796504,25.30680695688576,183,57.95000499243899,6.194856766618298,58.361690348298204
5.437546454678967,7.026541545158887,209,56.80887176355923,4.1712881468038585,24.588027143259282
12.213352199045135,11.739242573217798,130,55.89841929175993,6.919881317435403,57.43760911636663
14.936510175516021,24.347969297363882,153,56.809758064530776,5.407526358545288,60.443475301548105
6.777539353972273,24.79689651709472,13,55.5634280815192,5.329690632828986,60.4608271840034
9.333274083637484,11.846026741373661,122,55.70554794602489,5.992292717718128,51.31085113678997
10.967549382532354,14.044158686957086,359,56.99347109095792,6.24707915236055,43.934031674353
18.792965369840747,9.446933780053847,220,56.67570179801819,5.625914429326011,40.95876609334215
19.89882523134446,28.010368913369707,106,58.6593836042724,3.5123829854648,86.72162600116103
5.673669484934238,3.999991089376619,70,56.44957559646653,4.353070023977994,36.88745608935716
16.41511885243088,28.045607978543366,195,57.322353401112174,6.712334561304199,59.77229864959005
10.575860996035148,20.674060329142627,186,57.529057151678124,3.8984624473754077,58.02027734576747
10.886872793442201,16.181378504258568,99,55.052377826353336,4.488668095350054,54.63523742885046
16.31397460020534,1.4634422931426283,82,57.65414948806684,4.7283075317767835,50.44129466660646
18.776396482181127,14.530087658749245,75,55.71214386747901,4.757619958777809,70.76708015477593
19.263928917538227,12.528569097580602,340,58.84428126987782,5.451758329978102,52.26313578640807
13.656838790574811,5.255954953266116,192,55.59465091101245,6.772303350978831,48.67034910192059
10.356817389507542,19.86408330326938,325,56.65849649490809,3.96277084733002,41.76318932033828
16.813236287881686,29.14895176736443,214,55.341398672314575,3.4860055052036723,63.11165471966522
8.765020748934504,17.084569926403493,315,58.98749700738379,3.7898819594397493,39.35364603900086
13.461110432502766,21.5852216550964,318,57.00878004132497,6.547699600837078,53.60828855401057
10.378676922873098,2.519288350697495,144,57.38154006928018,5.583243250620824,47.56966229696896
14.849466105618141,12.821176376601345,216,55.26830590955371,4.14362715695664,45.55621386608009
8.605983693402603,3.932575312352628,361,57.99984188159671,6.2637877558744695,32.88341232461112
7.873894186022387,18.577477148327056,324,55.839622372382344,6.445479985453744,34.12489522205478
18.773586300131555,28.185223667317562,15,58.59221715776285,6.386057354761112,73.82896612762077
6.527055244243053,20.022443107913336,217,55.82055856192803,6.675706134558218,39.00751672692097
12.589368616023975,2.765689925275435,35,55.762750882654665,4.008964080693446,46.63213138040923
8.312791744445134,10.962653047059943,183,55.146198671392376,6.020167714985114,38.80351222541708
5.5839494498850115,16.74456969350512,270,56.888267780439996,4.84215798909656,32.262947152862864
5.540282274371396,12.39462880593094,358,57.259364533050466,6.367994211560246,30.539547013265242
7.628326581587411,25.092498309017586,100,55.26283455771341,5.913962708646453,55.076005690433185
18.001555317590004,24.532794638944683,7,58.10211046678004,6.1057897859988985,76.64167666996427
9.2371811596554,18.549015093045032,30,56.81315533899211,5.6246473507242865,55.21980753405766
19.256887558629437,11.517009381414805,305,57.09756107731032,3.7097150778788275,48.05931225716514
13.724334394837904,8.032423026015703,144,56.76305098775291,5.180107675587753,46.09299548354069
11.549212846531491,3.623292387287315,111,56.6030522435013,6.938678958098032,51.28757727292238
13.701332520041818,10.969481662853344,232,57.23856132523287,6.749552265988475,43.360111891105234
12.750475778394016,12.688589257627726,179,55.62096098372285,3.1726949431880467,44.579156993244425
16.381643806359875,20.436776290570172,72,55.72771252198108,3.6592592629177485,64.25318555324651
9.237440989592784,19.91571481677842,210,58.44714248405407,3.5269150938182476,42.77893865006881
10.295755874004536,2.56819011941708,220,58.784461848534534,5.903919639941182,28.76544329243774
18.41141453799876,12.160149805219154,80,56.493237265119014,6.27114131942778,64.90244696923489
19.196847697256082,5.862476582912176,83,56.082978692574216,3.8540454652426877,58.989988811686274
18.388373412297117,5.125974806845768,42,57.57599817295606,5.023410771807316,60.30201962722611
11.291719909359703,24.905413417248756,273,56.634936684392386,6.3628121120448,44.88152647145272
16.705482545103223,1.736498893129597,191,55.10154542264138,5.931206179065002,34.89177602291012
12.145035999516482,12.86589483911258,173,55.62461038946476,5.168948821967393,49.06850327717663
12.463097782191532,5.462007845112287,7,57.86388891538959,5.361390761835091,33.154381553580926
8.07020163585926,26.440241362514985,155,57.635695767640605,5.03344218766512,64.16223775318377
13.866954548877747,16.932695141613536,10,55.10838397001393,4.190193805275282,55.775788364462244
7.79203846630022,7.325728773117016,34,55.8878886477318,5.260087971436064,40.51033785980375
9.973470486007907,15.321604971408105,36,55.924299186352286,5.755541208200363,51.130007922909904
17.825453024299026,22.078847611241915,6,57.687570974394916,6.49329166344323,69.05038712548125
8.106137138162829,28.764481263123297,215,55.078842151017454,5.545165415916992,57.575285023992016
6.067374277601492,7.003157125239858,134,55.4164343279383,6.044486148172632,40.464367074780846
6.035113889192244,26.642362277815682,285,58.199664341492756,3.640286539818292,47.03027835991968
19.11176780754662,28.061971367940963,126,55.714178648217334,4.84622989767916,83.57648703343769
12.603806569427519,27.534406063695954,337,57.6109844314075,3.037326479308373,59.701102366104024
11.141181077255276,19.24472352742634,174,55.952731124186904,3.986715458086492,53.0448076911878
17.163178715118775,19.079709305823876,152,55.39776557103738,5.905846860452019,66.59378043587716
17.53738891865774,12.394713678922772,331,55.972688763997816,6.967239805397454,42.71979403498898
9.98286549673407,22.695737527961743,26,57.889067727422635,3.3967123983488636,59.35845989601656
15.404270862106928,16.17317354135249,115,58.422785872425145,4.605977263445153,62.668503558343446
16.5668422377783,20.484423101234686,284,58.32087945826797,6.200283874796638,48.57056750008038
14.819760302989318,13.139508163539466,75,56.588734118473816,3.8161425385155954,51.901913306532514
7.273926122001491,22.079145689272604,166,57.672340546282584,5.220339797209145,48.472175030604404
18.138246252755856,24.821909769334198,189,55.819937181663285,5.932285184118699,63.041741080797365
13.08641829104013,4.819869569783076,78,56.172590921044055,5.463941801040717,54.73977197394922
9.237086395550055,25.071426609439726,90,58.58534327408448,3.7520989384616645,67.58273275591864
11.378422781565408,16.438747687814065,176,55.05200769404294,4.421538274742957,55.90781633704901
5.56356635598361,25.417644318161617,21,55.342034123417875,6.135167137941589,61.84525207910632
6.918002018336264,13.223400337059932,54,55.83154502058411,5.2169060565280665,51.185159367057686
16.48320125773791,11.681694318799533,184,55.10612881549528,3.020918454171651,51.90481847921518
5.000174521330492,27.494291609258063,359,55.72574174035919,6.043963040112375,47.598514076954245
11.248487427234384,7.909493392677838,222,57.33216624387877,3.1412454197609563,45.0534064822673
12.837652716283827,25.40426359594122,315,56.68569820236999,5.982935130924929,46.13716841214523
5.819516300014584,14.77860688902742,328,58.5706868443079,3.8099222406609496,36.40843002047976
19.596172444584994,15.665815555262162,179,58.269774246953766,6.832293920477521,63.947350280148996
8.39187996874508,9.599814303939779,276,56.36726940679151,4.471763005208338,33.91125804169373
9.562980794544213,17.404744918260963,112,56.03769373372517,4.307726465352316,52.47368988247171
9.55913768382541,10.093730290148233,224,56.51876963266907,3.5955522013297787,32.91361692430993
8.456249931760249,1.658447720128743,214,57.36117977005923,4.222416861960859,22.6505498674942
5.022107331294671,8.523958857658503,59,56.07225456329151,6.506603047312803,33.14648742265729
15.940171911319945,0.688181780494425,327,57.49659563139654,6.985337350508989,34.3832530816519
19.50268249698928,29.36146621817727,109,56.63764660876496,4.473238122027393,78.71341819966898
8.364402249275676,28.98954268968255,157,57.20818872340792,4.79444252381817,70.80424021206564
14.945707877051337,12.157081275432999,191,56.74450611654127,5.888283752810948,51.70981094963922
16.12844490438073,21.986940203019557,200,56.17786303816767,6.5447831218602985,58.58095564661206
17.72638068635787,10.701279903107537,312,58.793813227848624,5.372177336747137,41.699982497314856
11.339437955204136,20.297248134036295,196,58.05442317663904,4.566102792711318,52.177097326903514
9.543963584606438,24.260186269856383,35,55.56045270306581,4.650487363394495,60.10059105471638
9.879427010345466,28.429309218421103,246,58.47387190359165,5.782472585987227,51.751743949006276
15.689319996477693,12.306262137565325,237,56.949724792998055,3.0128730544171147,52.57682552428895
17.25169199758454,23.607290497203408,104,58.57820890757637,5.478357349839363,68.74564562389016
7.72420951634904,8.344889293647505,7,58.19942102378926,4.42197204176543,37.97281181901851
10.564115122366477,29.714802961912625,283,56.700854017876935,6.176789325108337,56.05018868632366
18.52910295123725,1.2602031635483586,1,55.08987723328047,3.3719625592925286,41.666556057662284
17.10040279542109,18.304099791783067,219,56.07470943753978,5.352809067793562,60.84943982640549
19.772876041437137,19.95542645871415,230,57.16653685864347,4.923891559544495,59.77959793263304
16.313723895231213,20.7973439336868,172,57.53391287930459,5.56930210362091,58.57702638937176
10.897928015418834,4.051433574278126,87,56.03155074173281,3.2594143779318734,48.12254043523719
13.859567509919566,28.186628612457348,41,55.557424296291295,5.319935149712525,67.78136156377164
14.915213813709805,5.844906731977443,123,58.33972094719719,5.245938351838095,48.30309343415701
6.176837244756859,18.871225395575312,331,58.93760872281421,5.242640377664683,40.05808705905944
13.167454386557976,7.0689443341310065,298,57.10276072921074,5.413950666385819,40.04741552565615
15.639812427089144,9.562884302127491,178,55.68671714339322,5.705871748905449,52.83174920589268
7.509819560015906,16.62052698097967,63,56.08922930607748,6.219955998723079,54.36009751994611
16.70947576138336,12.807205847655005,165,55.07356270618987,4.079282880512857,59.731635928061905
13.756591707711674,5.226655228806935,187,58.657195226241996,6.300197640720248,42.303794037805446
19.28332678546392,5.542623871415024,209,55.471004331560565,4.9930227290538145,38.42796304234034
5.636334473103376,12.83527125080259,227,57.306065902057014,3.3082331165373247,31.940372253715314
8.979892063332004,22.83984785912727,48,56.096220882748824,3.234203716975917,60.604090584858206
14.02330818949736,26.989957082009763,224,57.216712010063176,4.336953274784243,61.074815021945554
9.44839868308896,2.981766036651794,3,57.60568155340746,6.13958790844587,32.0036886255806
15.716362461068632,12.096565273002332,175,58.31896721482881,5.830723738963663,47.68035912250666
16.385079237828965,3.4572441298248604,99,55.825685087042416,6.154459858689625,52.80274507122012
6.537739460997116,0.9894781786616376,116,55.04398331463392,5.0690762257664375,34.713689312827576
12.707816963101516,20.02070113799672,270,55.54754252027523,4.760795991821962,43.673363787146435
12.63335833386584,18.27225853801434,253,58.60007456739242,3.589810106825136,43.6590772112434
10.539211553233116,5.309063857539143,317,58.49556031025006,4.312771014437246,28.68672667315675
18.99387293854508,7.397478576245391,95,57.389652408681236,4.7360774646955015,64.98521142541749
17.41259479809832,1.1993787325132923,273,57.402067441734616,3.354401718718469,39.166801433706
15.458140728644551,25.13094256798491,24,57.660146698185024,3.882447810844845,72.01014504920917
15.714899536024964,29.253372583432267,116,55.7014851144938,5.392901176254956,68.36131250183007
11.925742157196787,4.496056335443379,151,58.65764778369984,5.942652456956759,40.75770252272888
18.814917816448638,7.3285188060762945,338,56.67508209956829,6.9933900455717986,44.53086617324958
15.418931408799281,26.118080956434554,50,56.53255411299799,6.73245332537423,62.972490435028945
15.934715924837247,27.83068203970745,206,57.075670821131354,5.570260798140766,58.63697979720108
17.92536355681018,12.879007792800905,335,55.18786386710022,4.6849922131762884,48.494538713210595
9.111073840132864,1.9933629319376867,79,55.66513347502432,5.544709458832931,40.46026454950839
17.106063558000542,1.6620590939381723,70,57.952134465705484,6.142606472320928,51.57095853831267
7.928609044347381,17.43152104903581,27,55.33119467170051,3.4733447636935493,44.524003513272
10.180129283673317,12.090405712348781,271,57.41260843786555,4.639619558785153,32.01635194332224
10.034156814047641,1.3452466135408083,50,55.981396438725284,6.359209142542468,41.728841628816504
19.677882025837107,17.705945573220426,292,56.55718245616791,4.535331807732176,51.85984619839777
17.848058356218903,0.8334248293761629,247,56.1547749470828,5.287489084908746,35.527169837729176
15.517547923853897,23.72747276540355,264,56.4226908658598,5.351077443448792,54.43192058437758
15.905851424230852,9.539768269749462,79,57.87618362073698,3.7379050125345574,56.369738550112224
13.431091916038566,1.687611088772347,190,56.1884868624927,4.4489417666091535,37.11803402886843
19.206360006627786,17.85639051900302,47,57.26561856118759,4.338045154967729,64.1404974364403
12.443881293235423,12.231690225775113,361,56.9042016087964,3.104786834128259,45.12518191449797
10.707765648048419,29.22711219403591,354,57.654684661450595,3.096767055565421,54.91607651351304
7.445530053973865,16.553860543859216,352,58.74731895729903,6.326788174703093,48.59640363996748
16.79308478391587,8.619555840591744,189,57.930288388841,4.09228323989125,46.28719600742018
16.016658981133872,21.428446506702254,256,55.85976151436303,5.072315064955262,56.43134454889877
10.765325577862022,8.509014075009985,222,55.12473254024514,4.194902294355092,36.6972569659283
5.37790120938844,27.17517709652317,241,56.0490561771993,6.762716980461362,40.74785666597751
17.584959915770163,11.554298129967604,269,57.38031172280102,4.037187035463095,43.9451940063577
5.171269751811105,16.721122601898053,1,55.205703253937,4.71862725095574,47.14737119106895
15.555496694435764,1.9919065628147514,34,56.98546498880494,6.490921001938407,45.794951769801294
19.553856645890853,13.070576519590809,79,57.38737139566756,6.367734267167235,66.6838346714226
11.564919922223051,25.054724419999353,236,56.33697556326784,3.7444056713851093,48.21351314706546
8.52460107493929,24.266639758218588,334,58.083648814983285,6.210573239182842,49.529967742011436
15.573065150650725,7.117397486179025,349,55.42639301253509,4.832747546951571,44.27498503562955
17.256922130233775,7.169332594811599,98,55.30055112694323,4.93187548834142,54.91612857317372
13.19645474116771,24.610506710290483,82,57.912755024814416,3.533919889663775,64.92326714023332
19.50552912884219,27.946753394995103,192,56.981965264824794,3.3224060550284986,76.16517071813654
5.775030824869416,3.3131471775536045,253,57.75360958571095,5.911757227895061,23.894973234366297
12.571933974567923,13.776729863073646,38,56.739309354414985,4.985844609421199,52.20952880684949
15.776809209838252,10.454901229444754,14,55.98560813295643,4.747402810460718,52.872086227100425
17.939607067237684,26.185309435994462,347,58.276409270696796,5.9180329146095865,57.27073233175186
7.688834178616851,2.963984983060554,310,58.19766351587592,6.062051595964439,14.189840537775385
17.00005222645522,6.728215305462103,209,57.778785883417704,3.6356326706774142,48.14375557109242
13.290606135778178,22.697815958801584,357,56.08858054891985,5.440900597910565,58.42151130191044
10.94830522984945,2.01316854494586,89,57.360922667476345,3.541416329110742,44.90512258573895
6.975725428686403,15.029793731071534,56,56.44389558776011,6.005500344116182,52.77871580258413
17.979436383633686,13.54215752305174,94,55.36632829330654,5.6278206250685585,81.236936633861
7.35909812269573,10.364834780168085,93,58.66925430184897,6.826458484333832,53.53669176550316
9.64681788813649,12.139883301908252,340,55.547274523675846,3.2758320654256847,34.31692740967483
9.350682979436552,16.133247314441874,85,58.80094941528321,3.2282188846050173,48.894363999103625
18.071210512862812,5.260337072457302,245,56.78402309183182,4.1287482987728,43.4183464649544
